C,C,(,C,),=,C,C,C,C,(,C,),=,C,C,(,=,O,)
0.3904129382012304
C,C,C,C,=,C
0.09042127623869618
C,C,C,C,C,C,C,C,C,C,C,C,C,C
-2.464346425635788
C,C,(,C,),C,l
0.7049203257425969
C,C,C,(,C,),C,O
1.1597463938793422
C,C,C,C,C,C,C,C,C,C,(,C,),O
-0.0353816787778503
C,C,O,P,(,=,S,),(,O,C,C,),S,C,S,C,C
-0.6014949763523101
C,C,C,C,C,C,C,O
0.5113773180248329
C,C,C,C,C,C,C,C,(,=,O,),O,C
-0.14666890821556458
C,C,O,P,(,=,S,),(,O,C,C,),S,C,S,C,(,C,),(,C,),C
-0.9135830762972043
C,l,C,(,=,C,),C,l
0.5936330963048826
C,C,C,C,C,=,O
0.9758805365474663
C,C,C,C,C,C,C,I
-0.9401952398583967
O,C,C,C,C,=,C
1.3145808000535535
C,C,(,C,),O,C,=,O
1.0823291907922366
C,C,C,C,C,C,(,C,),O
0.6371802730413795
C,C,C,C,C,C,C,#,C
-0.38375909266982555
C,C,(,C,),C,C,C,(,C,),(,C,),C
-1.0563210444890552
C,C,C,C,(,=,O,),C
1.295226499281777
C,C,C,O,C,(,=,O,),C,C
0.9903962621262988
C,C,C,(,B,r,),(,C,C,),C,(,=,O,),N,C,(,N,),=,O
0.09042127623869618
C,C,C,C,C,(,=,O,),O,C,C
0.2984800095352925
C,C,(,C,),C,C,O,C,(,=,O,),C
0.4581529909024478
C,C,C,B,r
0.5500859195683857
C,O,P,(,=,S,),(,O,C,),S,C,C,(,=,O,),N,(,C,),C,=,O
0.421863676955367
N,C,(,=,S,),N
1.541993834121926
C,l,C,(,C,l,),(,C,l,),C,(,C,l,),(,C,l,),C,l
-0.38859766786276956
C,C,C,N,(,=,O,),=,O
1.0000734125121868
C,C,C,O,C,(,C,),C
0.7387903520932055
C,l,C,C,l
1.0823291907922366
C,O,C,=,O
1.6677967891384726
C,C,(,C,),C
0.15332275374696963
C,C,C,C,C
-0.15150748340850878
C,C,C,C,(,=,C,),C
-0.07892885551434713
C,C,(,C,),C,(,C,),C,(,C,),C
-0.9353566646654526
C,C,C,C,C,C,C,C,C,=,C
-1.2788955033644838
C,C,(,=,O,),O,C,C,(,C,O,C,(,=,O,),C,),O,C,(,=,O,),C
1.096844916371069
C,C,C,C,C,C,C,B,r
-0.7563293825265209
C,C,O,C,(,=,O,),C,C,(,=,O,),O,C,C
0.9903962621262988
C,C,/,C,=,C,/,C
0.15816132893991364
C,l,C,=,C,(,C,l,),C,l
0.4387986901306714
C,O
2.1468157332399382
C,C,C,(,=,O,),C
1.638765337980808
C,C,C,C,C,C,O
0.7871761040226466
C,C,C,C,C,C,l
0.06622840027397577
C,=,C,C,=,C
0.48234586686716824
C,C,C,O,C,(,=,O,),C
1.0387820140557396
N,C,(,=,O,),C,C,l, 
1.3774822775618267
C,C,C,C,C,C,=,O
0.7581446528649819
C,C,(,C,),=,C,C,C,/,C,(,C,),=,C,\,C,O
0.19686993048346646
C,C,N,(,=,O,),=,O
1.2807107737029446
C,C,C,C,(,C,),(,C,O,C,(,N,),=,O,),C,O,C,(,N,),=,O, 
0.5128288905827162
C,I
0.903301908653305
C,C,C,C,C,(,=,O,),C,C,C,C
0.13880702816813723
C,C,C,(,C,),C,C
-0.39343624305571373
C,l,C,C,#,N
1.3426445361726291
C,C,C,C,C,C,C,C,C,(,=,O,),O,C,C
-0.45149914537104274
C,C,C,(,C,),C,l
0.4387986901306714
C,C,C,C,C,#,C
0.2452556824129075
C,C,C,C,C,C,C,C,#,C
-0.6643964538605833
C,C,(,C,),O,C,(,C,),C
0.8549161567238639
C,N,N
2.035528503802224
C,C,#,C
1.1887778450370068
C,C,N,P,(,=,S,),(,O,C,),O,C,(,=,C,C,(,=,O,),O,C,(,C,),C,),C
-0.26182699780763413
C,=,C,C,=,O
1.6629582139455283
C,C,C,C,l
0.6758888745849323
C,C,O,C,(,=,O,),C
1.3678051271759384
C,C,C,C,(,C,),(,C,),C
-0.7224593561759126
C,C,C,C,O,C,(,=,O,),C,C,C,C,C,C,C,C,C,(,=,O,),O,C,C,C,C
-0.4979494672233062
C,C,(,=,C,),C,=,C
0.4049286637800628
C,C,(,C,),=,C,C,C,C,(,O,),(,C,),C,=,C
0.4242829645518391
O,C,C,(,O,),C,(,O,),C,(,O,),C,(,O,),C,O, 
1.4161908791053794
C,C,C,C,(,=,O,),C,C,C
0.7581446528649819
C,C,(,=,O,),C,(,C,),(,C,),C
1.0387820140557396
C,l,C,(,C,l,),(,C,l,),C,#,N
0.33815632611743407
C,C,C,C,C,C,C,C,C,(,=,O,),C
-0.20957038572383782
C,S,C
1.1694235442652303
C,C,O,C,(,=,O,),N
1.7984383193479634
C,C,(,C,),C,(,O,),C,(,C,),C
0.7968532544085347
C,C,C,C,B,r
0.2404171072199633
C,C,(,C,),C,C,(,=,O,),C
1.0291048636698517
O,C,C,(,O,),C,(,O,),C,(,O,),C,(,O,),C,O
1.9145641239786217
C,C,S
1.096844916371069
C,l,C,C,(,C,l,),C,l
0.6710502993919881
C,C,C,C,C,C,C,C,l
-0.5482706492299249
C,l,C,(,C,l,),C,(,C,l,),C,l
0.5452473443754415
C,C,N,(,C,C,),C,(,=,O,),C,(,=,C,C,O,P,(,=,O,),(,O,C,),O,C,),C,l
1.6402169105386912
C,C,C,C,C,C,C,l
-0.12247603225084416
C,C,C,C,C,C,C,C,C,C,C,C,C,C,C,C,C,C,C,C,C,C,C,C,C,C
-2.6453091378518976
C,C,(,C,l,),C,l
0.7629832280579261
C,l,C,(,C,l,),(,C,l,),C,l
0.2694485583776279
C,O,C,(,C,),(,C,),C
1.2710336233170565
C,C,C,C,C,C,C,C,C,C,C,C,C,C,C,C,O
-1.9998432071131549
C,C,C,(,C,),(,C,),C,O
0.8839476078815285
C,C,C,O,C,(,=,O,),C,C,C
0.5404087691824975
C,C,C,O,C,=,O
1.150069243493454
C,C,(,C,),C,C,(,C,),C
-0.6740736042464713
C,C,C,C,C,C,C,C,C,C,(,=,O,),O,C,C
-0.5966564011593657
C,C,C,O,C,C
1.0678134652134041
C,C,(,C,),O
1.5952181612443113
C,l,C,(,B,r,),B,r
0.46783014128833605
C,C,O,C,(,=,O,),C,C,(,S,P,(,=,S,),(,O,C,),O,C,),C,(,=,O,),O,C,C
-0.24344041207444664
C,/,C,=,C,/,C,=,O
1.541993834121926
C,C,C,C,C,C,(,=,O,),O,C
0.48234586686716824
C,C,C,(,=,O,),O,C
1.3194193752464973
C,C,C,C,(,=,O,),O,C
0.4581529909024478
C,C,C,C,C,C,(,=,O,),O,C,C
0.25009425760585147
C,C,C,C,C,C,C,=,C
-0.7611679577194654
C,C,C,C,(,O,),C,C
1.0000734125121868
C,C,C,C,C,C,C,C,(,C,),O
0.06138982508103156
C,C,C,C,(,=,O,),C,C
0.9855576869333545
C,l,C,B,r
0.95652623577569
C,C,N,(,C,C,),C,(,=,S,),S,S,C,(,=,S,),N,(,C,C,),C,C
-0.9643881158231176
C,C,C,C,C,C,C,C,O
0.23073995683407508
C,C,S,C,C
0.7387903520932055
C,l,C,C,C,l
0.8742704574956403
C,C,C,(,C,),(,C,),C,l
0.17267705451874604
C,l,C,C,B,r
0.7484675024790938
C,C,C,C,C,C,C,C,=,C
-1.0563210444890552
C,C,C,(,C,),(,O,),C,C
1.2129707210017273
C,C,C,C,C,(,C,),O
0.95652623577569
C,C,C,C,C,O
1.096844916371069
C,l,C,C,C,#,N, 
1.246840747352336
C,C,(,C,),C,(,C,),O
1.300065074474721
C,C,C,C,C,C,C,C,C,C,(,=,O,),O,C
-0.8821323375430679
C,C,(,C,),C,B,r
0.21138565606229867
C,C,I
0.612987397076659
C,C,C,C,C,C,B,r
-0.45633772056398697
C,C,C,C,(,C,),C
-0.4224676942133784
B,r,C,(,B,r,),B,r
0.46299156609539194
C,O,P,(,=,O,),(,O,C,),C,(,O,),C,(,C,l,),(,C,l,),C,l
1.2807107737029446
C,C,(,C,),B,r
0.617825972269603
C,C,(,C,),C,C,(,C,),(,C,),C
-0.9063252135077883
C,C,C
0.44847584051655964
C,C,O,C,=,C
0.9758805365474663
C,C,C,#,C
0.7871761040226466
C,C,C,C,C,(,C,),(,O,),C,C
0.612987397076659
C,C,#,N
1.5129623829642616
C,l,C,C,(,C,l,),(,C,l,),C,l
0.3323500358859011
C,C,C,C,O
1.3871594279477149
C,C,(,C,),C,C,O
1.1403920931075657
C,C,(,=,C,),C
0.2597714079917397
C,C,(,=,C,),C,(,=,C,),C
0.22590138164113108
C,C,C,I
0.2791257087635161
C,C,C,O
1.687151089910249
C,C,C,C,(,C,),O
1.246840747352336
C,l,C,(,=,C,(,C,l,),C,(,=,C,(,C,l,),C,l,),C,l,),C,l
-0.9934195669807819
C,C,C,(,C,),C,C,O
1.0436205892486838
C,C,C,C,I
-0.045058829163738504
C,C,C,C,C,C,C,C,(,=,O,),O,C,C
-0.25311756246033484
C,C,S,S,C,C
0.21622423125524287
C,C,O,C,C,O,C,C
1.0145891380910192
C,C,C,C,C,C,=,C
-0.41762911902043415
C,C,C,C,N,(,C,C,),C,(,=,O,),S,C,C,C
-0.3208576151615521
C,C,C,C,O,C,=,O
0.7242746265143732
B,r,C,(,C,l,),C,l
0.6420188482343235
C,B,r
1.004911987705131
C,C,(,C,),C,=,C
0.06622840027397577
C,C
0.7291132017073173
C,C,(,=,O,),N
2.1516543084328825
C,C,(,O,),C,(,C,),(,C,),C
1.0871677659851806
C,C,C,C,(,=,O,),O,C,C
0.7291132017073173
C,C,C,C,C,C,C,C,C,O
-0.06925170512845892
B,r,C,B,r
0.8210461303732552
C,C,S,C,(,=,O,),N,(,C,C,(,C,),C,),C,C,(,C,),C
-0.39343624305571373
O,=,N,(,=,O,),O,C,C,(,C,O,N,(,=,O,),=,O,),O,N,(,=,O,),=,O, 
0.3129957351141247
C,C,C,C,C,l
0.4049286637800628
C,C,N,C,(,=,S,),N,C,C
0.6807274497778764
C,C,C,C,C,(,=,O,),O,C
0.7387903520932055
C,C,C,C,C,O,C,(,=,O,),C,C
0.7678218032508701
C,C,B,r
0.859754731916808
C,C,C,#,C,C,C
0.4242829645518391
C,C,C,(,=,C,),C
0.06622840027397577
C,C,O,C,(,C,),O,C,C
1.1791006946511184
C,C,C,C,O,C,C,O
1.1839392698440627
C,l,C,C,C,C,l
0.6033102466907707
C,C,(,C,),C,(,C,),C
-0.3789205174768813
C,C,C,=,C
0.44847584051655964
F,C,(,F,),(,C,l,),C,(,F,),(,C,l,),C,l
-0.08376743070729133
C,C,C,#,N
1.5226395333501495
O,C,C,(,O,),C,O
1.929079849557454
C,C,C,C,O,C
0.908140483846249
C,N,(,C,),C,(,=,O,),C
1.9242412743645099
C,=,C
1.1936164202299508
C,C,(,C,),(,C,),C,C,O
1.1452306683005098
C,C,(,C,),S,C,(,C,),C
0.30331858472823653
C,C,O,P,(,=,S,),(,O,C,C,),S,C,S,P,(,=,S,),(,O,C,C,),O,C,C
-1.2934112289433162
C,C,C,C,(,C,),(,C,),C,O
0.6516959986202118
C,C,C,O,C
1.198454995422895
C,C,(,C,),O,C,(,=,O,),C
1.1210377923357893
C,l,C,=,C
0.5404087691824975
B,r,C,(,B,r,),(,B,r,),B,r
-0.13215318263673237
C,C,C,C,C,C,C,C,C
-1.4579227855034154
C,C,C,C,C,C,(,C,),C
-1.0708367700678876
C,C,C,(,O,),C,(,C,),C
1.0484591644416281
C,C,C,C,C,C,C
-0.8047151344559622
C,C,C,C,C,C,(,=,O,),C
0.6855660249708205
C,O,P,(,=,O,),(,N,C,(,C,),=,O,),S,C, 
1.6484424883666962
C,C,C,C,S,P,(,=,O,),(,S,C,C,C,C,),S,C,C,C,C
-1.099868221225552
C,C,=,C,(,C,),C
0.14848417855402543
C,C,C,C,(,C,),(,O,),C,C
0.9129790590391931
C,C,C,C,C,C,C,C
-1.1482539731549932
C,C,C,=,O
1.6677967891384726
C,l,C,(,C,l,),C,l
0.8210461303732552
C,C,C,C,C,(,C,C,),C,=,O
0.35654291185062176
C,C,C,(,C,C,),C,=,O
0.6516959986202118
C,C,C,O,C,C,C
0.6033102466907707
C,C,C,C,C,C,C,C,C,C,C,C,C,C,O
-1.4385684847316391
N,C,(,=,O,),N
1.8516626464703483
C,C,C,C,#,C
0.5936330963048826
C,C,C,C,C,C,C,C,C,C,C,C,C,C,C,C,C,C,O
-2.677243734125329
C,C,(,C,),C,C,O,C,=,O
0.6516959986202118
C,C,O,P,(,=,O,),(,O,C,C,),O,C,C
1.5952181612443113
C,C,(,C,),N,(,=,O,),=,O
1.0871677659851806
O,C,C,(,O,),C,(,O,),C,O
1.7258596914538016
C,N,C,(,=,O,),C,=,C,(,C,),O,P,(,=,O,),(,O,C,),O,C
1.7021506730083755
C,C,C,(,C,),C,(,C,),C
-0.6837507546323598
C,C,C,C,C,C,#,C
-0.06925170512845892
C,l,C,C,(,C,),C
0.419444389358895
C,C,C,C,C,C,C,C,C,C,C,C,(,=,O,),O,C
-0.8821323375430679
C,C,C,S,C,C,C
0.13880702816813723
C,C,C,C,C,B,r
-0.10312173147906775
C,C,C,C,/,C,=,C,/,C
-0.461176295756931
C,C,(,C,l,),(,C,l,),C,l
0.419444389358895
C,C,O,C,C
1.343612251211218
C,O,C,O,C
1.6194110372090316
C,C,C,(,C,),O
1.6145724620160875
C,=,C,C,S,(,=,O,),S,C,C,=,C
0.9855576869333545
C,C,(,C,),C,O,C,=,O
0.8984633334603608
C,C,C,C,C,C
-0.4708534461428192
C,O,P,(,=,O,),(,O,C,),O,C,(,B,r,),C,(,C,l,),(,C,l,),B,r
0.28396428395646034
C,C,(,C,),C,C,(,C,),(,C,),O
0.9420105101968578
C,C,C,(,C,),(,C,),C
-0.33053476554744027
C,=,C,C,C,=,C
0.37589721262239817
C,C,C,C,C,C,(,O,),C,C
0.42912153974478323
C,C,C,C,(,C,),C,O
0.8500775815309198
C,C,C,C,C,(,C,),(,C,),O
0.8645933071097521
C,O,C,(,C,),(,C,),C,C,C,C,(,C,),C,C,=,C,C,(,C,),=,C,C,(,=,O,),O,C,(,C,),C
-1.124061097190273
C,C,O,C,(,=,O,),C,C
1.0678134652134041
N,C,(,N,),=,N,C,#,N, 
1.2371635969664478
C,l,C,(,C,l,),(,C,l,),N,(,=,O,),=,O
0.419444389358895
C,C,C,C,C,C,C,(,=,O,),O,C,C
0.06138982508103156
C,O,C,(,=,O,),C
1.6097338868231434
C,C,C,C,(,O,),C,=,C
1.101683491564013
C,C,C,C,O,C,C,C,C
0.49202301725305647
C,C,C,C,C,C,C,C,C,C,C,C,O
-0.9353566646654526
C,C,C,C,(,C,),(,C,),O
1.150069243493454
C,C,C,C,C,C,(,C,),(,C,),O
0.5549244947613298
C
0.951687660582746
C,C,C,(,C,),C,(,=,O,),C
1.0629748900204603
C,N,(,=,O,),=,O
1.5129623829642616
C,C,(,C,),N,(,C,(,C,),C,),C,(,=,O,),S,C,C,(,C,l,),=,C,(,C,l,),C,l
-0.9740652662090055
C,=,C,C,C,C,=,C
0.09042127623869618
C,C,C,C,C,=,C
-0.1757003593732292
C,C,C,C,C,C,C,C,(,=,O,),C
0.13880702816813723
C,#,C
1.5274781085430937
C,C,O,C,(,=,O,),N,(,C,),C,(,=,O,),C,S,P,(,=,S,),(,O,C,C,),O,C,C
0.16880619436439076
C,C,(,C,l,),C,C,l
0.612987397076659
C,C,C,C,=,C,(,C,C,),C,=,O
0.19686993048346646
C,C,O,P,(,=,S,),(,O,C,C,),S,C,C,S,C,C
-0.6595578786676394
C,C,C,C,C,C,C,C,C,C,C,C,C,C,C,O
-1.685335819571788
C,C,(,C,),I
0.37589721262239817
C,C,(,C,),C,(,=,O,),C
1.3290965256323857
C,C,C,C,C,C,C,C,C,C,C,C,C,C,C,C
-2.677243734125329
C,C,C,C,C,C,C,(,=,O,),C
0.3952515133941746
C,C,C,C,C,C,C,C,C,(,=,O,),O,C
-0.24827898726739064
C,C,O
1.9194026991715658
C,C,C,C,C,C,C,C,B,r
-1.0611596196819992
C,C,C,(,O,),C,C
1.2710336233170565
C,C,(,C,),C,C,C,O
0.8355618559520875
C,C,C,(,C,),(,C,),O
1.4597380558418762
C,C,O,C,=,O
1.4597380558418762
C,C,C,C,S
0.3323500358859011
C,l,C,(,=,C,(,C,l,),C,l,),C,l
0.15816132893991364
C,C,C,(,=,O,),C,C
1.2516793225452802
C,=,C,C,#,N
1.4597380558418762
C,C,C,C,C,(,=,O,),C
1.0000734125121868
C,C,C,C,C,(,C,),C,C
-1.1095453716114405
B,r,C,C,B,r
0.5742787955331062
C,O,C,(,=,O,),C,=,C
1.2807107737029446
C,C,C,(,O,),(,C,C,),C,C
0.9758805365474663
C,C,(,C,),C,(,=,O,),C,(,C,),C
0.7581446528649819
C,S,S,C
0.6904046001637646
C,C,C,C,C,(,O,),C,C
0.6758888745849323
C,C,C,C,C,(,C,C,),C,O
0.36622006223651
C,C,(,C,),N,(,C,(,C,),C,),C,(,=,O,),S,C,C,(,=,C,C,l,),C,l
-0.6866538997481263
C,N,(,C,),C,(,=,S,),S,S,C,(,=,S,),N,(,C,),C, 
-0.4998848973004838
C,C,C,C,C,C,C,C,C,C,O
-0.3692433670909931
C,C,C,(,C,),(,C,),C,C
-0.6595578786676394
C,N,C,(,=,O,),C,(,C,),S,C,C,S,P,(,=,O,),(,O,C,),(,O,C,)
1.9406924300205197
C,C,C,C,=,O
1.3823208527547708
C,C,C,C
0.14364560336108143
C,l,C,(,C,l,),C,(,C,l,),(,C,l,),C,l
0.12912987778224902
C,C,(,C,),C,O
1.435545179877156
I,C,I
0.2549328327987957
C,C,C,C,(,O,),C,C,C
0.709758900935541
C,C,C,C,C,O,C,(,=,O,),C
0.4726687164812801
F,C,(,F,),(,C,l,),C,(,F,),(,F,),C,l
0.06138982508103156
C,C,=,C,C,=,O
1.541993834121926
C,N,(,C,),C,(,=,O,),N,(,C,),C, 
1.8419854960844602
C,C,N,(,C,C,),C,(,=,S,),S,C,C,(,C,l,),=,C
-0.25311756246033484
C,l,C,C
0.8742704574956403
C,C,/,C,=,C,\,C
0.15816132893991364
C,N,C,(,=,O,),O,N,=,C,(,C,S,C,),C,(,C,),(,C,),C, 
0.6033102466907707
C,C,C,C,C,C,C,C,C,C,C,C,C,C,C,C,C,C,C,C
-2.5669242197262037
C,C,C,(,C,C,),C,O
0.8210461303732552
C,l,\,C,=,C,/,C,l
0.7581446528649819
C,C,(,C,),C,C,(,C,),O
1.0000734125121868
C,C,(,C,),(,C,),C,O
1.1936164202299508
C,C,=,C
0.8645933071097521
C,C,C,C,C,C,C,(,C,),O
0.37589721262239817
C,C,(,C,),C,O,C,(,=,O,),C
0.8016918296014789
C,C,(,C,),C,(,C,),(,C,),C
-0.7224593561759126
F,C,(,F,),(,F,),C,(,C,l,),B,r, 
0.5597630699542739
C,N,C,(,=,O,),O,N,=,C,(,S,C,),C,(,=,O,),N,(,C,),C
1.4384483249929223
C,C,S,C,C,S,P,(,=,S,),(,O,C,),O,C
-0.10844416419130631
C,C,C,(,C,),C
-0.15150748340850878
N,#,C,c,1,c,c,c,c,c,1
0.903301908653305
C,C,O,c,1,c,c,c,(,N,C,(,=,O,),C,),c,c,1
0.25009425760585147
C,C,N,(,C,C,),c,1,c,(,c,c,(,c,(,N,),c,1,N,(,=,O,),=,O,),C,(,F,),(,F,),F,),N,(,=,O,),=,O
-1.2595412025927073
C,C,c,1,c,c,c,(,C,C,),c,c,1
-0.4273062694063224
C,N,(,C,),C,(,=,O,),S,C,C,C,C,O,c,1,c,c,c,c,c,1
-0.5129490503214329
C,C,(,=,O,),N,c,1,c,c,c,(,B,r,),c,c,1
-0.10457330403695103
C,c,1,c,c,c,c,c,1,O
1.0871677659851806
N,c,1,c,c,c,(,O,),c,c,1
1.0000734125121868
C,c,1,c,c,c,(,C,),c,c,1
0.046874099502199354
C,C,c,1,c,c,c,c,c,1,C,C
-0.19989323533794962
O,=,N,(,=,O,),c,1,c,(,C,l,),c,(,C,l,),c,c,c,1
-0.2966647391968317
c,1,(,C,#,N,),c,(,C,l,),c,(,C,#,N,),c,(,C,l,),c,(,C,l,),c,(,C,l,),1
-1.341796980872757
C,C,(,C,),c,1,c,c,c,c,c,1
-0.1950546601450056
O,c,1,c,c,c,c,c,1,N,(,=,O,),=,O
0.5452473443754415
O,c,1,c,(,I,),c,c,(,C,#,N,),c,c,1,I
-0.3595662167051049
c,1,c,c,c,c,c,1,O
1.3871594279477149
C,O,P,(,=,S,),(,O,C,),S,C,C,(,=,O,),N,(,C,(,C,),C,),c,1,c,c,c,(,C,l,),c,c,1
-0.7572970975651101
C,C,C,C,C,C,c,1,c,c,c,c,c,1
-1.1337382475761608
C,l,c,1,c,c,(,C,l,),c,(,C,l,),c,(,C,l,),c,1,C,l
-1.3466355560657013
O,c,1,c,c,c,c,(,c,1,),N,(,=,O,),=,O
0.8984633334603608
C,C,S,C,c,1,c,c,c,c,c,1,O,C,(,=,O,),N,C, 
0.37589721262239817
C,C,(,C,),(,C,),c,1,c,c,c,(,O,),c,c,1
0.22106280644818688
C,l,c,1,c,c,c,c,(,I,),c,1
-0.33053476554744027
C,c,1,c,c,c,c,(,C,),c,1
0.022681223537478944
O,c,1,c,c,c,c,(,O,),c,1
1.779084018576187
C,O,P,(,=,S,),(,O,C,),O,c,1,c,c,(,C,l,),c,(,I,),c,c,1,C,l
-1.8159773497812788
C,c,1,c,c,c,(,C,l,),c,c,1
-0.10312173147906775
C,C,C,C,O,C,(,=,O,),c,1,c,c,c,(,N,),c,c,1
-0.10408944651765646
C,C,N,(,C,C,(,C,),=,C,),c,1,c,(,c,c,(,c,c,1,N,(,=,O,),=,O,),C,(,F,),(,F,),F,),N,(,=,O,),=,O
-1.5759840202112514
C,l,c,1,c,c,c,(,C,l,),c,(,C,l,),c,1,C,l
-0.8240694352277387
C,C,O,P,(,=,S,),(,C,C,),O,c,1,c,c,(,C,l,),c,(,C,l,),c,c,1,C,l
-1.3959890230337313
C,l,c,1,c,c,(,C,l,),c,(,C,l,),c,(,C,l,),c,1
-0.853100886385403
N,c,1,c,c,c,c,c,1,O
1.0387820140557396
C,O,C,C,(,=,O,),N,(,C,(,C,),C,(,=,O,),O,C,),c,1,c,(,C,),c,c,c,c,1,C, 
0.6125035395573646
C,N,C,(,=,O,),O,c,1,c,c,c,c,c,1,O,C,(,C,),C
0.3952515133941746
C,c,1,c,c,c,c,c,1,C,l
-0.3160190399686081
C,C,O,P,(,=,S,),(,O,C,C,),O,N,=,C,(,C,#,N,),c,1,c,c,c,c,c,1
-0.9653558308617063
F,c,1,c,c,c,c,c,1
0.5162158932177769
C,c,1,c,c,(,C,),c,(,C,),c,(,C,),c,1,C
-0.5482706492299249
C,C,O,P,(,=,S,),(,O,C,C,),S,C,S,c,1,c,c,c,(,C,l,),c,c,1
-1.3882473027250208
C,c,1,c,c,c,(,c,c,1,N,(,=,O,),=,O,),N,(,=,O,),=,O
0.022681223537478944
C,N,C,(,=,O,),O,c,1,c,c,c,c,(,N,=,C,N,(,C,),C,),c,1
0.2549328327987957
C,O,P,(,=,S,),(,O,C,),O,c,1,c,c,c,(,S,C,),c,(,C,),c,1
-0.8240694352277387
N,C,(,=,S,),N,c,1,c,c,c,c,c,1
0.5307316187966092
O,c,1,c,c,c,(,C,l,),c,c,1
1.0484591644416281
C,c,1,c,c,c,c,(,N,),c,1
0.9758805365474663
C,C,O,C,(,=,O,),c,1,c,c,c,(,N,),c,c,1
0.12138815747353844
C,l,c,1,c,c,c,(,C,l,),c,(,C,l,),c,1
-0.3498890663192167
O,c,1,c,c,c,c,c,1,O
1.687151089910249
C,c,1,c,c,c,c,c,1,B,r
0.3081571599211807
C,C,N,c,1,c,c,c,c,c,1
0.564601645147218
C,N,(,C,),C,(,=,O,),N,c,1,c,c,c,(,C,l,),c,c,1
-0.011188802813129888
B,r,c,1,c,c,(,B,r,),c,(,B,r,),c,c,1,B,r
-1.9901660567272668
C,O,c,1,c,c,c,(,C,l,),c,c,1
0.042035524309255355
C,O,P,(,=,S,),(,O,C,),O,c,1,c,c,c,(,N,(,=,O,),=,O,),c,(,C,),c,1
-0.5676249500017012
N,C,(,=,O,),c,1,c,c,c,c,c,1,O
0.5065387428318887
C,c,1,c,c,c,c,c,1,N,(,=,O,),=,O
0.2597714079917397
C,C,c,1,c,c,c,c,c,1,C
-0.166023208987341
C,C,C,C,O,C,(,=,O,),c,1,c,c,c,c,c,1,C,(,=,O,),O,C,C,C,C, 
-0.741813656947689
C,O,c,1,c,(,O,),c,(,C,l,),c,(,C,l,),c,(,C,l,),c,1,C,l, 
-0.5579477996158129
C,O,c,1,c,c,c,(,c,c,1,),N,(,=,O,),=,O
0.22106280644818688
N,c,1,c,c,c,(,c,c,1,),S,(,N,),(,=,O,),=,O
0.7387903520932055
C,C,C,N,(,C,C,C,),c,1,c,(,c,c,(,c,c,1,N,(,=,O,),=,O,),C,(,C,),C,),N,(,=,O,),=,O
-1.7530758722730055
C,C,O,P,(,=,S,),(,N,C,(,C,),C,),O,c,1,c,c,c,c,c,1,C,(,=,O,),O,C,(,C,),C
-0.6421390079730404
C,l,c,1,c,c,c,c,(,C,l,),c,1,C,l
-0.5482706492299249
O,=,N,(,=,O,),c,1,c,c,(,C,l,),c,(,C,l,),c,c,1
-0.161184633794397
C,C,O,c,1,c,c,c,(,N,C,(,N,),=,O,),c,c,1
0.33718861107884535
C,O,c,1,c,c,c,(,C,=,C,C,),c,c,1
-0.12731460744378817
C,C,(,C,),c,1,c,c,c,(,N,C,(,=,O,),N,(,C,),C,),c,c,1
-0.32376076027731865
C,c,1,c,(,c,c,(,c,c,1,N,(,=,O,),=,O,),N,(,=,O,),=,O,),N,(,=,O,),=,O
-0.1708617841802852
C,C,(,C,),O,P,(,=,S,),(,O,C,(,C,),C,),S,C,C,N,S,(,=,O,),(,=,O,),c,1,c,c,c,c,c,1
-0.6450421530888069
C,C,(,C,),c,1,c,c,c,c,c,1,C
-0.43214484459926633
N,c,1,c,c,c,c,(,C,l,),c,1
0.7242746265143732
C,N,(,C,),C,(,=,O,),N,c,1,c,c,c,c,(,c,1,),C,(,F,),(,F,),F
-0.27247186323211126
C,c,1,c,c,c,c,(,O,),c,1
1.058136314827516
O,=,N,(,=,O,),c,1,c,c,c,(,c,c,1,),N,(,=,O,),=,O
-0.25311756246033484
C,N,(,C,),C,(,=,O,),N,c,1,c,c,c,c,c,1
0.612987397076659
C,l,C,c,1,c,c,c,c,c,1
0.23073995683407508
C,O,N,(,C,),C,(,=,O,),N,c,1,c,c,c,(,B,r,),c,(,C,l,),c,1
-0.5114974777635497
C,C,(,=,O,),N,c,1,c,c,c,(,F,),c,c,1
0.5258930436036652
C,C,c,1,c,c,c,c,(,C,C,),c,1,N,(,C,O,C,),C,(,=,O,),C,C,l, 
-0.1902160849520614
C,l,c,1,c,c,c,(,c,c,1,),N,(,=,O,),=,O
-0.025704528391962092
C,l,c,1,c,c,c,c,c,1,N,(,=,O,),=,O
0.15332275374696963
C,C,C,C,N,(,C,),C,(,=,O,),N,c,1,c,c,c,(,C,l,),c,(,C,l,),c,1
-0.9208409390866202
O,=,N,(,=,O,),c,1,c,c,c,c,c,1
0.5162158932177769
I,c,1,c,c,c,c,c,1
-0.06925170512845892
C,O,c,1,c,c,c,c,c,1,O,C,C,(,O,),C,O,C,(,N,),=,O
0.9105597714427212
C,C,C,C,O,C,N,(,C,(,=,O,),C,C,l,),c,1,c,(,C,C,),c,c,c,c,1,C,C, 
-0.6402035778958629
O,c,1,c,c,c,c,(,C,l,),c,1,C,l
0.7581446528649819
C,C,C,(,=,O,),N,c,1,c,c,c,(,C,l,),c,(,C,l,),c,1
-0.06441312993551492
C,c,1,c,c,c,(,N,),c,c,1
0.8016918296014789
c,1,c,c,c,c,c,1,(,O,C,(,=,O,),N,C,)
0.5147643206598937
C,c,1,c,c,c,c,(,C,),c,1,C
-0.161184633794397
C,N,C,(,=,O,),O,c,1,c,c,c,(,N,(,C,),C,),c,(,C,),c,1
0.2452556824129075
O,c,1,c,(,B,r,),c,c,(,C,#,N,),c,c,1,B,r, 
-0.22408611130267023
O,c,1,c,(,C,l,),c,(,C,l,),c,(,C,l,),c,(,C,l,),c,1,C,l
-0.6837507546323598
N,C,(,=,O,),N,C,c,1,c,c,c,c,c,1, 
0.9274947846180255
C,N,(,C,),C,(,=,O,),N,c,1,c,c,c,(,C,),c,(,C,l,),c,1
-0.298116311754715
C,O,N,(,C,),C,(,=,O,),N,c,1,c,c,c,(,C,l,),c,(,C,l,),c,1
-0.3508567813578056
C,S,(,=,O,),(,=,O,),c,1,c,c,c,(,c,c,1,),C,(,O,),C,(,C,O,),N,C,(,=,O,),C,(,C,l,),C,l, 
0.3449303313875559
O,c,1,c,c,c,(,c,c,1,),N,(,=,O,),=,O
1.0291048636698517
N,c,1,c,c,c,c,c,1,N,(,=,O,),=,O
0.4387986901306714
C,c,1,c,(,c,c,c,c,1,N,(,=,O,),=,O,),N,(,=,O,),=,O
-0.06441312993551492
c,1,(,B,r,),c,(,B,r,),c,c,(,B,r,),c,c,1
-0.7901994088771298
c,1,(,O,),c,(,C,),c,c,c,(,C,(,C,),C,),c,1
0.3807357878153422
C,N,(,C,),C,=,N,c,1,c,c,c,(,C,l,),c,c,1,C
0.00332692276570253
N,c,1,c,c,c,(,c,c,1,),N,(,=,O,),=,O
0.2404171072199633
C,l,c,1,c,c,c,c,c,1
0.23557853202701928
B,r,c,1,c,c,c,(,I,),c,c,1
-0.8192308600347942
C,C,C,C,C,c,1,c,c,c,c,c,1
-0.857939461578347
O,c,1,c,c,c,(,C,l,),c,(,C,l,),c,1
0.7823375288297024
C,C,N,(,C,C,),c,1,c,c,c,c,c,1
-0.07892885551434713
F,c,1,c,c,c,c,(,F,),c,1
0.419444389358895
C,C,(,C,),(,C,),C,c,1,c,c,c,c,c,1
-0.6208492771240866
C,l,c,1,c,c,c,c,c,1,I
-0.3256961903544963
C,c,1,c,c,c,c,(,C,),c,1,O
0.7629832280579261
C,O,P,(,=,S,),(,O,C,),O,c,1,c,c,c,(,c,c,1,C,l,),N,(,=,O,),=,O
-0.6982664802111918
C,C,c,1,c,c,c,c,(,C,),c,1,N,(,C,(,C,),C,O,C,),C,(,=,O,),C,C,l, 
0.06622840027397577
O,C,c,1,c,c,c,c,c,1
1.1936164202299508
O,c,1,c,c,c,(,B,r,),c,c,1
0.859754731916808
O,=,N,(,=,O,),c,1,c,c,(,c,c,(,c,1,),N,(,=,O,),=,O,),N,(,=,O,),=,O
-0.011188802813129888
B,r,c,1,c,c,c,(,B,r,),c,c,1
-0.5821406755805336
C,l,c,1,c,c,c,(,C,l,),c,c,1
-0.1950546601450056
C,l,c,1,c,c,(,C,l,),c,c,(,C,l,),c,1
-0.7805222584912418
O,=,C,c,1,c,c,c,c,c,1
0.811368979987367
N,C,(,=,N,),N,S,(,=,O,),(,=,O,),c,1,c,c,c,(,N,),c,c,1, 
0.4242829645518391
C,O,C,(,=,O,),c,1,c,c,c,(,O,),c,c,1
0.503151740196828
C,c,1,c,c,c,(,O,),c,(,C,),c,1
0.811368979987367
C,l,c,1,c,c,c,c,(,c,1,),N,(,=,O,),=,O
0.046874099502199354
F,C,(,F,),(,F,),c,1,c,c,c,c,c,1
0.17267705451874604
C,C,C,C,C,C,O,C,(,=,O,),c,1,c,c,c,c,c,1,C,(,=,O,),O,C,C,C,C,C,C
-1.5856611705971397
C,O,C,(,=,O,),c,1,c,c,c,c,c,1,C,(,=,O,),O,C
0.5839559459189945
C,l,c,1,c,c,(,C,l,),c,(,C,l,),c,c,1,C,l
-1.303088379329204
N,c,1,c,c,c,c,c,1,C,l
0.6516959986202118
C,O,c,1,c,c,c,c,(,C,l,),c,1
0.042035524309255355
O,c,1,c,c,c,(,C,=,O,),c,c,1
0.9226562094250813
F,c,1,c,c,c,c,c,1,B,r
0.08074412585280798
O,c,1,c,c,c,(,C,l,),c,c,1,C,l
0.6371802730413795
C,c,1,c,c,c,c,c,1,N
0.31783431030706893
c,1,(,O,C,),c,c,c,(,C,C,=,C,),c,c,1
-0.025704528391962092
C,N,(,C,),C,(,=,O,),N,c,1,c,c,c,c,(,O,C,(,=,O,),N,C,(,C,),(,C,),C,),c,1, 
-0.030543103584906302
C,l,c,1,c,c,c,c,c,1,C,l
-0.08860600590023533
N,c,1,c,c,c,c,(,c,1,),N,(,=,O,),=,O
0.32751146069295717
O,c,1,c,c,(,C,l,),c,c,(,C,l,),c,1,C,l
0.09525985143164038
N,c,1,c,c,c,c,c,1
1.1887778450370068
B,r,c,1,c,c,(,B,r,),c,c,(,B,r,),c,1
-1.3224426801009805
C,O,P,(,=,S,),(,O,C,),O,c,1,c,c,(,C,l,),c,(,C,l,),c,c,1,C,l
-1.3805055824163097
C,O,c,1,c,c,(,C,C,=,C,),c,c,c,1,O
0.6323416978484353
C,l,c,1,c,(,C,l,),c,(,C,l,),c,(,N,(,=,O,),=,O,),c,(,C,l,),c,1,C,l
-1.428891334345751
C,O,C,(,=,O,),c,1,c,c,(,O,),c,(,O,),c,(,O,),c,1, 
0.7871761040226466
F,c,1,c,c,c,c,(,B,r,),c,1
0.09525985143164038
C,l,c,1,c,c,c,(,B,r,),c,c,1
-0.3692433670909931
C,O,c,1,c,c,c,c,c,1,N,(,=,O,),=,O
0.4387986901306714
C,C,C,(,C,),c,1,c,c,(,c,c,(,N,(,=,O,),=,O,),c,1,O,),N,(,=,O,),=,O, 
-0.24827898726739064
C,O,c,1,c,c,c,c,c,1,O, 
0.4387986901306714
O,c,1,c,c,c,(,C,l,),c,(,C,l,),c,1,C,l
0.09525985143164038
C,O,c,1,c,c,c,c,c,1
0.49202301725305647
C,C,c,1,c,c,c,(,C,),c,c,1
-0.11763745705789995
O,=,N,(,=,O,),c,1,c,c,c,c,(,c,1,),N,(,=,O,),=,O
0.2791257087635161
N,c,1,c,c,c,(,C,l,),c,c,1
0.5839559459189945
C,C,(,C,),(,C,),c,1,c,c,c,c,c,1
-0.38375909266982555
B,r,c,1,c,c,c,c,c,1
0.15332275374696963
C,C,O,C,(,=,O,),c,1,c,c,c,(,O,),c,c,1
0.25009425760585147
C,O,C,(,=,O,),c,1,c,c,c,c,c,1
0.49202301725305647
C,N,(,C,),C,(,=,O,),N,c,1,c,c,c,(,C,l,),c,(,C,l,),c,1
-0.45149914537104274
O,c,1,c,c,c,c,c,1,C,l
0.8742704574956403
C,C,O,c,1,c,c,c,c,c,1
0.2597714079917397
C,C,O,C,(,=,O,),C,=,C,c,1,c,c,c,c,c,1
-0.06441312993551492
C,c,1,c,c,c,(,c,c,1,),S,(,=,O,),(,=,O,),N
0.5452473443754415
C,C,(,O,C,(,=,O,),N,c,1,c,c,c,c,(,C,l,),c,1,),C,#,C
0.12090429995424408
C,C,O,P,(,=,S,),(,O,C,C,),O,c,1,c,c,c,(,c,c,1,),S,(,C,),=,O, 
0.2742871335705721
C,c,1,c,c,c,(,C,),c,(,C,),c,1
-0.21440896091678202
O,c,1,c,c,(,C,l,),c,(,C,l,),c,c,1,C,l
0.31783431030706893
N,N,c,1,c,c,c,c,c,1
1.4210294542983235
O,c,1,c,(,C,l,),c,c,c,(,C,l,),c,1,C,l
0.1097755770104726
B,r,c,1,c,c,c,c,(,B,r,),c,1
-0.3256961903544963
C,C,(,=,O,),N,c,1,c,c,c,c,c,1
0.7436289272861496
C,C,(,=,O,),c,1,c,c,c,c,c,1
0.7678218032508701
C,C,C,O,C,(,=,O,),c,1,c,c,c,(,N,),c,c,1
0.20074079063782174
C,C,O,C,(,=,O,),c,1,c,c,c,c,c,1
0.26460998318468393
C,O,N,(,C,),C,(,=,O,),N,c,1,c,c,c,(,C,l,),c,c,1
0.14364560336108143
C,c,1,c,c,c,(,B,r,),c,c,1
-0.1563460586014528
C,C,C,C,N,(,C,C,),c,1,c,(,c,c,(,c,c,1,N,(,=,O,),=,O,),C,(,F,),(,F,),F,),N,(,=,O,),=,O
-1.288572653750372
C,c,1,c,c,(,C,),c,(,O,),c,(,C,),c,1
0.3952515133941746
c,1,c,c,c,c,c,1
0.5936330963048826
C,l,c,1,c,c,c,(,I,),c,c,1
-0.5627863748087573
C,O,c,1,c,c,c,(,N,C,(,=,O,),N,(,C,),C,),c,c,1,C,l
0.1465487484768478
C,C,(,C,),N,(,C,(,=,O,),C,C,l,),c,1,c,c,c,c,c,1, 
0.18719278009757825
C,=,C,c,1,c,c,c,c,c,1
0.022681223537478944
C,c,1,c,c,c,c,c,1,C
0.03235837392336715
O,c,1,c,c,c,(,O,),c,c,1
1.3049036496676651
c,1,(,O,),c,c,(,O,),c,c,c,1,C,C,C,C,C,C
0.13396845297519322
O,c,1,c,(,C,l,),c,c,(,C,l,),c,(,C,l,),c,1,C,l
-0.11279888186495596
C,l,c,1,c,c,c,c,(,C,l,),c,1
-0.08376743070729133
c,1,c,c,c,c,c,1,S,C
0.23073995683407508
C,C,C,C,C,(,C,C,),C,O,C,(,=,O,),c,1,c,c,c,c,c,1,C,(,=,O,),O,C,C,(,C,C,),C,C,C,C
-1.980488906341378
C,c,1,c,c,(,C,),c,c,(,O,),c,1
0.709758900935541
C,l,C,C,#,C,C,O,C,(,=,O,),N,c,1,c,c,c,c,(,C,l,),c,1
-0.7272979313688566
C,C,(,=,O,),N,c,1,c,c,c,(,C,l,),c,c,1
0.011552500593707452
C,N,c,1,c,c,c,c,c,1
0.7678218032508701
C,c,1,c,c,(,c,c,(,N,(,=,O,),=,O,),c,1,O,),N,(,=,O,),=,O
0.682662879855054
O,c,1,c,c,c,c,(,C,l,),c,1
1.0484591644416281
C,l,c,1,c,c,c,c,(,B,r,),c,1
-0.166023208987341
O,C,C,O,c,1,c,c,c,c,c,1
1.0484591644416281
C,C,c,1,c,c,c,c,c,1
0.046874099502199354
C,C,(,C,#,C,),N,(,C,),C,(,=,O,),N,c,1,c,c,c,(,C,l,),c,c,1
-0.4998848973004838
C,O,c,1,c,c,c,(,C,=,O,),c,c,1
0.6662117241990441
C,C,(,=,O,),N,c,1,c,c,c,(,c,c,1,),N,(,=,O,),=,O
0.08461498600716326
C,C,(,=,O,),N,c,1,c,c,c,(,O,),c,c,1
0.8887861830744727
C,C,C,C,O,c,1,c,c,c,(,C,(,=,O,),O,C,C,),c,(,c,1,),N,(,C,C,),C,C, 
-0.4708534461428192
C,c,1,c,(,C,),c,(,C,),c,(,C,),c,(,C,),c,1,C
-1.1434153979620492
C,C,(,C,),c,1,c,c,c,(,C,),c,c,1,O
0.3129957351141247
C,C,O,P,(,=,S,),(,O,C,C,),O,c,1,c,c,c,(,c,c,1,),N,(,=,O,),=,O
-0.8676166119642355
C,C,(,C,),O,C,(,=,O,),N,c,1,c,c,c,c,(,C,l,),c,1
-0.24827898726739064
C,C,(,O,),c,1,c,c,c,c,c,1
0.9420105101968578
c,1,(,C,(,=,O,),O,C,C,C,C,C,C,(,C,),(,C,),),c,(,C,(,=,O,),O,C,C,C,C,C,C,(,C,),(,C,),),c,c,c,c,1
-1.824202927609284
C,c,1,c,c,(,C,),c,c,(,C,),c,1
-0.25795613765327885
C,C,C,C,C,C,C,C,O,C,(,=,O,),c,1,c,c,c,c,c,1,C,(,=,O,),O,C,C,C,C,C,C,C,C, 
-1.087771783243192
O,=,N,(,=,O,),c,1,c,c,c,c,c,1,N,(,=,O,),=,O
-0.11279888186495596
F,c,1,c,c,c,(,F,),c,c,1
0.4339601149377273
C,C,C,N,(,C,C,C,),c,1,c,(,c,c,(,c,c,1,N,(,=,O,),=,O,),C,(,F,),(,F,),F,),N,(,=,O,),=,O
-1.3611512816445335
c,1,c,(,N,C,(,=,O,),O,C,(,C,),C,(,=,O,),N,C,C,),c,c,c,c,1
0.5017001676389446
C,c,1,c,c,c,(,c,c,1,),N,(,=,O,),=,O
0.18235420490463403
C,c,1,c,c,c,(,O,),c,c,1
1.0339434388627957
C,N,(,C,),c,1,c,c,c,c,c,1
0.4581529909024478
C,N,C,(,=,O,),O,c,1,c,c,c,c,c,1,C,(,C,),C
0.0018753502078192451
C,O,c,1,c,c,c,c,c,1,C,l
0.19686993048346646
C,O,P,(,=,S,),(,O,C,),O,c,1,c,c,(,C,l,),c,(,B,r,),c,c,1,C,l
-1.5595328645552415
C,C,(,C,),c,1,c,c,c,(,C,),c,c,1
-0.43698341979221056
O,c,1,c,(,C,l,),c,c,c,c,1,C,l
0.5210544684107211
O,C,C,(,N,C,(,=,O,),C,(,C,l,),C,l,),C,(,O,),c,1,c,c,c,(,c,c,1,),N,(,=,O,),=,O
0.3657362047172154
B,r,c,1,c,c,c,c,c,1,B,r
-0.3063418895827199
O,c,1,c,(,C,l,),c,c,(,C,l,),c,c,1,C,l
0.2549328327987957
C,C,C,N,(,C,C,C,),c,1,c,(,c,c,(,c,c,1,N,(,=,O,),=,O,),S,(,N,),(,=,O,),=,O,),N,(,=,O,),=,O
-1.1095453716114405
C,c,1,c,c,c,(,O,),c,c,1,C
0.7194360513214292
S,c,1,c,c,c,c,c,1
0.36138148704356576
C,N,C,(,=,O,),O,c,1,c,c,(,C,),c,c,(,C,),c,1
0.13832317064884264
N,C,(,=,O,),c,1,c,c,c,c,c,1
0.9226562094250813
C,l,c,1,c,c,c,c,c,1,B,r
-0.1563460586014528
O,c,1,c,c,(,C,l,),c,c,(,C,l,),c,1
0.7387903520932055
C,c,1,c,c,c,c,c,1
0.31783431030706893
O,c,1,c,c,(,C,l,),c,(,C,l,),c,(,C,l,),c,1,C,l
-0.13699175782967637
C,O,c,1,c,c,c,c,c,1,O
0.4387986901306714
C,C,O,C,(,=,O,),c,1,c,c,c,c,c,1,C,(,=,O,),O,C,C
0.25009425760585147
C,C,(,C,),C,c,1,c,c,c,c,c,1
-0.606333551545254
O,c,1,c,(,C,l,),c,(,C,l,),c,c,(,C,l,),c,1,C,l
-0.24344041207444664
C,C,C,c,1,c,c,c,c,c,1
-0.24344041207444664
C,c,1,c,c,(,C,),c,(,C,),c,c,1,C
-0.8337465856136266
C,C,(,=,O,),N,c,1,c,c,(,N,S,(,=,O,),(,=,O,),C,(,F,),(,F,),F,),c,(,C,),c,c,1,C
-0.1805389345661734
c,1,(,C,(,C,),(,C,),C,),c,c,(,C,(,C,),(,C,),C,),c,c,(,O,C,(,=,O,),N,C,),c,1
-0.6643964538605833
C,C,C,C,c,1,c,c,c,c,c,1
-0.5773021003875892
N,#,C,c,1,c,c,c,c,c,1,C,#,N
0.23557853202701928
C,c,1,c,c,c,c,(,c,1,),N,(,=,O,),=,O
0.20654708086935467
C,O,P,(,=,O,),(,O,C,),O,C,(,=,C,C,l,),c,1,c,c,(,C,l,),c,(,C,l,),c,c,1,C,l
-0.800844274301607
C,l,c,1,c,c,(,C,l,),c,(,c,(,C,l,),c,1,),c,2,c,(,C,l,),c,c,c,c,2,C,l
-2.154677613287366
C,l,c,1,c,c,c,(,c,(,C,l,),c,1,),c,2,c,(,C,l,),c,c,c,(,C,l,),c,2,C,l, 
-2.207901940409751
c,1,c,(,C,l,),c,c,c,c,1,c,2,c,c,c,c,c,2
-0.9740652662090055
C,l,c,1,c,c,c,c,(,c,1,C,l,),c,2,c,(,C,l,),c,(,C,l,),c,c,(,C,l,),c,2,C,l, 
-2.7740152379842105
C,l,c,1,c,c,(,C,l,),c,(,C,l,),c,(,c,1,C,l,),c,2,c,(,C,l,),c,(,C,l,),c,c,(,C,l,),c,2,C,l, 
-3.0401368735961363
C,l,c,1,c,c,c,c,c,1,c,2,c,c,c,c,c,2,C,l, 
-1.1627696987338252
C,l,c,1,c,c,c,c,(,c,1,),c,2,c,c,(,C,l,),c,c,c,2,C,l, 
-1.5208242630116886
C,l,c,1,c,c,c,(,C,l,),c,(,c,1,),c,2,c,c,c,(,C,l,),c,(,C,l,),c,2
-2.120807586936757
C,l,c,1,c,c,c,c,c,1,c,2,c,c,c,c,c,2
-0.8095537096489062
C,l,c,1,c,c,c,(,c,c,1,),c,2,c,c,c,c,c,2,C,l, 
-1.1676082739267697
C,l,c,1,c,c,c,(,c,c,1,),c,2,c,c,c,(,C,l,),c,c,2, 
-1.786945898623614
C,c,1,c,c,c,(,c,c,1,),c,2,c,c,c,c,c,2
-0.8482623111924591
C,l,c,1,c,c,(,c,(,C,l,),c,(,C,l,),c,1,C,l,),c,2,c,c,(,C,l,),c,(,C,l,),c,(,C,l,),c,2,C,l
-3.04497544878908
C,l,c,1,c,c,(,C,l,),c,(,c,c,1,C,l,),c,2,c,c,c,c,(,C,l,),c,2,C,l, 
-2.1014532861649804
C,l,c,1,c,c,c,(,c,c,1,),c,2,c,c,c,c,(,C,l,),c,2,C,l, 
-1.6563043684141237
C,l,c,1,c,c,c,(,c,c,1,C,l,),c,2,c,c,c,c,c,2, 
-1.7046901203435645
C,l,c,1,c,c,c,c,(,c,1,C,l,),c,2,c,c,c,c,(,C,l,),c,2,C,l
-2.1353233125155895
O,c,1,c,c,c,(,c,c,1,),c,2,c,c,c,c,c,2
-0.2966647391968317
C,l,c,1,c,c,c,(,c,(,C,l,),c,1,),c,2,c,c,(,C,l,),c,c,c,2,C,l, 
-1.7917844738165585
C,l,c,1,c,c,c,(,c,(,C,l,),c,1,),c,2,c,c,c,(,C,l,),c,(,C,l,),c,2,C,l, 
-2.3869292225486824
C,l,c,1,c,c,c,(,c,(,C,l,),c,1,C,l,),c,2,c,c,c,(,C,l,),c,(,C,l,),c,2,C,l, 
-2.488539301600509
N,c,1,c,c,c,(,c,c,1,),c,2,c,c,c,(,N,),c,c,2
0.08074412585280798
C,l,c,2,c,(,C,l,),c,(,C,l,),c,(,c,1,c,c,c,c,c,1,),c,(,C,l,),c,2,C,l, 
-2.444992124864012
C,l,c,1,c,(,C,l,),c,(,C,l,),c,(,c,(,C,l,),c,1,C,l,),c,2,c,(,C,l,),c,(,C,l,),c,(,C,l,),c,(,C,l,),c,2,C,l, 
-4.22558779586744
C,l,c,1,c,c,c,(,c,(,C,l,),c,1,),c,2,c,(,C,l,),c,(,C,l,),c,(,C,l,),c,(,C,l,),c,2,C,l
-2.444992124864012
C,l,c,1,c,c,c,(,C,l,),c,(,c,1,),c,2,c,c,(,C,l,),c,(,C,l,),c,(,C,l,),c,2,C,l
-2.3288663202333533
C,l,c,1,c,c,c,(,C,l,),c,(,c,1,),c,2,c,c,c,c,(,C,l,),c,2,C,l, 
-1.7433987218871172
C,l,c,1,c,c,c,(,C,l,),c,(,c,1,),c,2,c,(,C,l,),c,(,C,l,),c,c,(,C,l,),c,2,C,l, 
-2.203063365216807
C,l,c,1,c,c,c,(,c,c,1,C,l,),c,2,c,c,(,C,l,),c,(,C,l,),c,(,C,l,),c,2,C,l, 
-2.396606372934571
c,1,c,c,c,(,c,c,1,),c,2,c,c,c,c,c,2
-0.7152014933864962
C,l,c,1,c,c,(,C,l,),c,(,c,(,C,l,),c,1,),c,2,c,(,C,l,),c,c,(,C,l,),c,c,2,C,l, 
-2.8272395651065962
C,l,c,1,c,c,c,(,C,l,),c,(,c,1,),c,2,c,(,C,l,),c,(,C,l,),c,(,C,l,),c,(,C,l,),c,2,C,l
-2.93852679454431
C,l,c,1,c,c,c,(,c,c,1,),c,2,c,c,(,C,l,),c,c,c,2,C,l, 
-1.6369500676423472
C,l,c,1,c,c,c,(,c,(,C,l,),c,1,),c,2,c,c,(,C,l,),c,(,C,l,),c,(,C,l,),c,2,C,l, 
-2.188547639637974
C,l,c,1,c,c,c,c,(,C,l,),c,1,c,2,c,c,c,c,c,2, 
-1.1337382475761608
C,l,c,1,c,c,c,(,c,c,1,),c,2,c,(,C,l,),c,c,c,c,2,C,l, 
-1.5837257405199618
C,l,c,1,c,c,c,c,(,C,l,),c,1,c,2,c,(,C,l,),c,c,c,c,2,C,l, 
-2.188547639637974
C,l,c,1,c,c,(,C,l,),c,(,c,c,1,C,l,),c,2,c,c,(,C,l,),c,(,C,l,),c,c,2,C,l, 
-2.7546609372124347
C,l,c,1,c,c,c,(,c,(,C,l,),c,1,C,l,),c,2,c,(,C,l,),c,c,(,C,l,),c,(,C,l,),c,2,C,l, 
-2.3191891698474656
C,l,c,1,c,c,c,2,c,c,c,c,c,2,c,1
-0.616010701931142
C,c,1,c,c,c,(,C,),c,2,c,c,c,c,c,1,2
-0.616010701931142
C,c,1,c,c,(,C,),c,2,c,c,c,c,c,2,c,1
-0.6885893298253037
C,C,c,1,c,c,c,c,2,c,c,c,c,c,1,2
-0.6305264275099745
B,r,c,1,c,c,c,c,2,c,c,c,c,c,1,2
-0.7176207809829681
N,c,1,c,c,c,c,2,c,c,c,c,c,1,2
0.4581529909024478
O,c,1,c,c,c,2,c,c,c,c,c,2,c,1
0.28396428395646034
c,1,c,(,B,r,),c,c,c,2,c,c,c,c,c,1,2, 
-0.741813656947689
c,1,c,c,c,2,c,c,c,c,c,2,c,1
-0.3547276415121609
I,c,1,c,c,c,c,2,c,c,c,c,c,1,2
-0.8143922848418502
C,c,1,c,c,c,2,c,c,c,c,c,2,c,1
-0.43698341979221056
C,l,c,1,c,c,c,c,2,c,c,c,c,c,1,2
-0.5144006228793162
B,r,c,1,c,c,c,2,c,c,c,c,c,2,c,1
-0.741813656947689
C,C,c,1,c,c,c,2,c,c,c,c,c,2,c,1
-0.6885893298253037
C,c,1,c,c,c,c,2,c,c,c,c,c,1,2
-0.40311339344160196
C,C,N,(,C,C,),C,(,=,O,),C,(,C,),O,c,1,c,c,c,c,2,c,c,c,c,c,1,2, 
-0.3402119159333285
C,c,1,c,c,c,2,c,c,(,C,),c,c,c,2,c,1
-0.9789038414019495
C,c,1,c,c,c,c,2,c,(,C,),c,c,c,c,1,2
-0.8768099048308289
O,c,1,c,c,c,c,2,c,c,c,c,c,1,2
0.3129957351141247
C,c,1,c,c,2,c,c,c,c,c,2,c,c,1,C
-0.8966480631218998
O,=,N,(,=,O,),c,1,c,c,c,c,2,c,c,c,c,c,1,2
-0.3256961903544963
C,N,C,(,=,O,),O,c,1,c,c,c,c,2,c,c,c,c,c,1,2
-0.17279721425746283
C,C,C,C,C,1,(,C,C,),C,(,=,O,),N,C,(,=,O,),N,C,1,=,O
0.5834720883997
C,C,C,1,(,C,C,C,(,C,),C,),C,(,=,O,),N,C,(,=,O,),N,C,1,=,O
0.19299907032911118
O,=,C,1,N,C,(,=,O,),N,C,(,=,O,),C,1,(,C,C,),C,(,C,),C,C
0.23073995683407508
O,=,C,1,N,C,(,=,O,),N,C,(,=,O,),C,1,(,C,),C,C,=,C
0.8258847055661994
C,C,C,(,C,),C,1,(,C,C,=,C,),C,(,=,O,),N,C,(,=,O,),N,C,1,=,O
0.41170266905018443
O,=,C,1,N,C,(,=,O,),N,C,(,=,O,),C,1,(,C,(,C,),C,),C,(,C,),C
0.048809529579376995
O,=,C,1,N,C,(,=,O,),N,C,(,=,O,),C,1,(,C,C,),C,C
0.22590138164113108
C,C,C,1,(,C,C,),C,(,=,O,),N,C,(,=,O,),N,(,C,),C,1,=,O, 
0.3081571599211807
O,=,C,1,N,C,(,=,O,),N,C,(,=,O,),C,1,(,C,(,C,),C,C,C,),C,C,=,C
0.24719111249008513
O,=,C,1,N,C,(,=,O,),N,C,(,=,O,),C,1,(,C,C,),C,(,C,),C,C,C
0.23073995683407508
O,=,C,1,N,C,(,=,O,),N,C,(,=,O,),C,1,(,C,(,C,),C,),C,C,=,C
0.5607307849928627
O,=,C,1,N,C,(,=,O,),N,C,(,=,O,),C,1,(,C,C,),C,C,=,C
0.6062133918065372
C,C,C,1,(,C,(,C,),C,),C,(,=,O,),N,C,(,=,O,),N,C,1,=,O, 
0.31783431030706893
O,=,C,1,N,C,(,=,O,),N,C,(,=,O,),C,1,(,C,C,=,C,),C,C,=,C
0.3821873603732255
O,=,C,1,N,C,(,=,O,),N,C,(,=,O,),C,1,(,C,C,),C,C,C,(,C,),C
0.10106614166317332
O,=,C,1,N,C,(,=,O,),N,C,(,=,O,),C,1,(,C,C,),C,(,C,),C
0.34783347650332225
O,=,C,1,N,C,(,=,O,),N,C,(,=,O,),C,1,(,C,),C,C
0.7929823942541795
O,=,C,1,N,C,(,=,O,),N,C,(,=,O,),C,1,(,C,C,),C,C,=,C,(,C,),C
0.2970284369774092
C,C,C,(,C,),C,1,(,C,C,(,B,r,),=,C,),C,(,=,O,),N,C,(,=,O,),N,C,1,=,O, 
0.10638857437541188
O,=,C,1,N,C,(,=,O,),N,C,(,=,O,),C,1,(,C,),C
0.5442796293368528
O,=,C,1,N,C,(,=,O,),N,C,(,=,O,),C,1,(,C,(,C,),C,),C,C,=,C,(,C,),C
0.13251688041730994
C,C,1,2,C,C,C,3,C,(,C,C,C,4,=,C,C,(,=,O,),C,C,C,3,4,C,),C,2,C,C,C,1,C,(,=,O,),C,O
-0.2821490136179995
C,C,3,4,C,C,(,O,),C,1,(,F,),C,(,C,C,C,2,=,C,C,(,=,O,),C,C,C,1,2,C,),C,3,C,C,C,4,(,O,),C,(,=,O,),C,O, 
-0.27247186323211126
C,C,1,2,C,C,C,(,=,O,),C,=,C,1,C,C,C,3,C,2,C,C,C,4,(,C,),C,3,C,C,C,4,(,O,),C,#,C, 
-1.3514741312586454
C,C,1,(,O,),C,C,C,2,C,3,C,C,C,4,=,C,C,(,=,O,),C,C,C,4,(,C,),C,3,C,C,C,2,1,C
-0.5477867917106305
C,C,1,2,C,C,(,O,),C,3,C,(,C,C,C,4,=,C,C,(,=,O,),C,C,C,3,4,C,),C,2,C,C,C,1,(,O,),C,(,=,O,),C,O
-0.10796030667201174
C,C,(,=,O,),O,C,C,(,=,O,),C,3,C,C,C,4,C,2,C,C,C,1,=,C,C,(,=,O,),C,C,C,1,(,C,),C,2,C,C,C,3,4,C, 
-0.853100886385403
C,C,(,=,O,),C,1,C,C,C,2,C,3,C,C,C,4,=,C,C,(,=,O,),C,C,C,4,(,C,),C,3,C,C,C,1,2,C
-0.751490807333577
C,C,(,=,O,),O,C,3,C,C,C,4,C,2,C,C,C,1,=,C,C,(,=,O,),C,C,C,1,(,C,),C,2,C,C,C,3,4,C, 
-1.1211579520745063
C,C,(,=,O,),C,1,(,O,),C,C,C,2,C,3,C,C,C,4,=,C,C,(,=,O,),C,C,C,4,(,C,),C,3,C,C,C,2,1,C
-0.4597247231990479
C,C,1,3,C,C,C,(,=,O,),C,=,C,1,C,C,C,4,C,2,C,C,C,(,C,(,=,O,),C,O,),C,2,(,C,C,(,O,),C,3,4,),C,=,O, 
-0.4756920213357634
C,C,C,(,=,O,),O,C,3,C,C,C,4,C,2,C,C,C,1,=,C,C,(,=,O,),C,C,C,1,(,C,),C,2,C,C,C,3,4,C, 
-1.2111554506632665
C,C,1,2,C,C,C,3,C,(,C,C,C,4,=,C,C,(,=,O,),C,C,C,3,4,C,),C,2,C,C,C,1,O
-0.5579477996158129
C,C,(,=,O,),O,C,C,(,=,O,),C,1,(,O,),C,C,C,2,C,3,C,C,C,4,=,C,C,(,=,O,),C,C,C,4,(,C,),C,3,C,(,O,),C,C,2,1,C
-0.9740652662090055
C,C,(,=,O,),O,C,3,(,C,),C,C,C,4,C,2,C,C,C,1,=,C,C,(,=,O,),C,C,C,1,(,C,),C,2,C,C,C,3,4,C, 
-1.1695437040039471
C,C,1,2,C,C,(,O,),C,3,C,(,C,C,C,4,=,C,C,(,=,O,),C,C,C,3,4,C,),C,2,C,C,C,1,C,(,=,O,),C,O
-0.1805389345661734
C,C,3,4,C,C,C,1,C,(,C,C,C,2,=,C,C,(,=,O,),C,C,C,1,2,O,),C,3,C,C,C,4,(,O,),C,#,C
-0.8240694352277387
C,C,(,=,O,),O,C,3,(,C,C,C,4,C,2,C,C,C,1,=,C,C,(,=,O,),C,C,C,1,C,2,C,C,C,3,4,C,),C,#,C
-0.9353566646654526
C,C,N,c,1,n,c,(,C,l,),n,c,(,n,1,),N,(,C,C,),C,C
-0.5773021003875892
C,C,N,c,1,n,c,(,C,l,),n,c,(,N,C,(,C,),C,),n,1
-0.4756920213357634
C,C,N,(,C,C,),c,1,n,c,(,C,l,),n,c,(,N,C,(,C,),C,),n,1
-0.44424128258162676
C,O,c,1,n,c,(,N,C,(,C,),C,),n,c,(,N,C,(,C,),C,),n,1
0.18816049513616695
C,C,N,(,C,C,),c,1,n,c,(,C,l,),n,c,(,n,1,),N,(,C,C,),C,C
-0.7471360896599275
C,C,N,c,1,n,c,(,N,C,(,C,),C,),n,c,(,S,C,),n,1
-0.08376743070729133
C,C,N,c,1,n,c,(,N,C,(,C,),(,C,),C,),n,c,(,S,C,),n,1
-0.5482706492299249
C,C,N,c,1,n,c,(,N,C,(,C,),C,),n,c,(,O,C,),n,1
0.3788003577381645
C,C,N,c,1,n,c,(,C,l,),n,c,(,N,C,C,),n,1, 
-0.8143922848418502
C,S,c,1,n,c,(,n,c,(,n,1,),N,(,C,),C,),N,(,C,),C
0.09235670631587382
C,O,C,C,C,N,c,1,n,c,(,N,C,(,C,),C,),n,c,(,S,C,),n,1
-0.029575388546317374
C,C,N,c,1,n,c,(,C,l,),n,c,(,N,C,(,C,),(,C,),C,#,N,),n,1
-0.13699175782967637
C,N,(,C,),c,1,n,c,(,n,c,(,n,1,),N,(,C,),C,),N,(,C,),C
-0.24053726695868008
C,C,(,C,),N,c,1,n,c,(,C,l,),n,c,(,N,C,(,C,),C,),n,1
-0.7563293825265209
C,S,c,1,n,c,(,N,C,(,C,),C,),n,c,(,N,C,(,C,),C,),n,1
-0.5966564011593657
C,C,N,c,1,n,c,(,N,C,(,C,),(,C,),C,),n,c,(,O,C,),n,1
-0.18005507704687884
c,1,c,c,n,c,c,1
1.7548911426114664
C,c,1,c,c,n,c,c,1,C
1.5613481348937024
C,c,1,c,c,c,c,(,C,),n,1
1.6048953116301994
C,c,1,c,c,c,n,c,1,C
1.5710252852795905
O,c,1,c,c,c,c,n,1
1.8806940976280129
C,c,1,c,c,n,c,(,C,),c,1
1.5710252852795905
C,C,O,P,(,=,S,),(,O,C,C,),O,c,1,n,c,(,C,l,),c,(,C,l,),c,c,1,C,l, 
-1.3563127064515894
c,1,n,c,c,c,(,C,(,=,O,),N,N,),c,1
1.3915141456213644
C,O,C,(,=,O,),c,1,c,c,c,n,c,1, 
1.1645849690722863
C,C,c,1,c,c,c,c,n,1
1.633926762787864
C,c,1,c,n,c,c,(,C,),c,1
1.5710252852795905
N,C,(,=,O,),c,1,c,c,c,n,c,1, 
1.6823125147173048
C,l,c,1,c,c,c,c,(,n,1,),C,(,C,l,),(,C,l,),C,l
-0.43214484459926633
O,c,1,c,c,n,c,c,1
1.8806940976280129
C,O,c,1,c,c,c,(,c,c,1,),C,(,c,2,c,c,c,(,O,C,),c,c,2,),C,(,C,l,),(,C,l,),C,l
-1.946618879990769
C,l,C,(,C,l,),C,(,c,1,c,c,c,(,C,l,),c,c,1,),c,2,c,c,c,(,C,l,),c,c,2
-2.0966147109720366
c,1,c,c,c,c,c,1,C,(,O,),c,2,c,c,c,c,c,2
0.15332275374696963
O,C,(,c,1,c,c,c,(,C,l,),c,c,1,),(,c,2,c,c,c,(,C,l,),c,c,2,),C,(,C,l,),(,C,l,),C,l
-1.354377276374412
C,l,C,(,C,l,),C,(,c,1,c,c,c,(,C,l,),c,c,1,),c,2,c,c,c,c,c,2,C,l, 
-1.7627530226588937
c,1,c,c,c,(,C,l,),c,c,1,C,(,c,2,c,c,c,(,C,l,),c,c,2,),(,O,),C,(,=,O,),O,C,(,C,),C
-0.8047151344559622
C,N,(,C,),C,(,=,O,),C,(,c,1,c,c,c,c,c,1,),c,2,c,c,c,c,c,2, 
-0.05473597954962671
C,l,c,1,c,c,c,(,c,c,1,),C,(,c,2,c,c,c,(,C,l,),c,c,2,),C,(,C,l,),(,C,l,),C,l
-2.0724218350073165
C,(,c,1,c,c,c,c,c,1,),c,2,c,c,c,c,c,2
-0.5869792507734777
C,C,(,C,),O,C,(,=,O,),C,(,O,),(,c,1,c,c,c,(,B,r,),c,c,1,),c,2,c,c,c,(,B,r,),c,c,2, 
-0.9982581421737259
C,l,C,(,C,l,),C,(,c,1,c,c,c,(,C,l,),c,c,1,),c,2,c,c,c,(,C,l,),c,c,2, 
-2.0966147109720366
O,c,1,c,c,c,(,C,l,),c,c,1,C,c,2,c,c,(,C,l,),c,c,c,2,O
-0.5255293458230875
C,C,(,C,),C,1,C,C,C,(,C,),C,C,1,O, 
0.16299990413285784
O,C,1,C,C,C,C,C,1
1.1742621194581746
C,C,S,C,(,=,O,),N,(,C,C,),C,1,C,C,C,C,C,1, 
-0.25795613765327885
C,l,C,1,C,(,C,l,),C,(,C,l,),C,(,C,l,),C,(,C,l,),C,1,C,l
-0.857939461578347
C,/,C,1,C,C,C,(,\,C,),C,C,1
-0.7756836832982974
C,1,C,C,C,C,C,1
-0.11279888186495596
C,C,1,C,C,C,C,C,1
-0.4756920213357634
C,/,C,1,C,C,C,C,C,1,\,C
-0.6934279050182477
C,C,C,1,C,C,C,C,C,1
-0.6692350290535273
O,C,1,C,(,O,),C,(,O,),C,(,O,),C,(,O,),C,1,O
1.5565095597007583
C,c,1,n,c,n,c,2,n,c,c,n,c,1,2
1.1616818239565196
O,c,2,n,c,c,1,n,c,c,n,c,1,n,2
0.4450888378814987
C,O,c,2,c,n,c,1,n,c,n,c,c,1,n,2
0.8360457134713819
C,O,c,1,n,c,n,c,2,n,c,c,n,c,1,2, 
0.8500775815309198
C,O,c,2,n,c,c,1,n,c,c,n,c,1,n,2
0.8500775815309198
C,c,2,n,c,c,1,n,c,c,n,c,1,n,2
1.3290965256323857
C,c,2,c,n,c,1,c,n,c,n,c,1,n,2
0.9739451064702888
C,O,c,2,c,n,c,1,c,n,c,n,c,1,n,2
0.9468490853898017
c,2,c,n,c,1,n,c,n,c,c,1,n,2
1.396836578333603
C,C,3,4,C,C,(,O,),C,1,(,F,),C,(,C,C,C,2,=,C,C,(,=,O,),C,=,C,C,1,2,C,),C,3,C,C,(,O,),C,4,(,O,),C,(,=,O,),C,O
-0.39343624305571373
C,C,(,=,O,),O,C,C,(,=,O,),C,3,(,O,),C,(,C,C,4,C,2,C,C,C,1,=,C,C,(,=,O,),C,=,C,C,1,(,C,),C,2,(,F,),C,(,O,),C,C,3,4,C,),O,C,(,C,),=,O, 
-0.6111721267381981
C,C,1,2,C,C,(,O,),C,3,C,(,C,C,C,4,=,C,C,(,=,O,),C,=,C,C,3,4,C,),C,2,C,C,C,1,(,O,),C,(,=,O,),C,O
-0.15150748340850878
C,C,1,C,C,2,C,3,C,C,C,4,=,C,C,(,=,O,),C,=,C,C,4,(,C,),C,3,(,F,),C,(,O,),C,C,2,(,C,),C,1,(,O,),C,(,=,O,),C,O
-0.3498890663192167
C,C,(,=,O,),O,C,C,(,=,O,),C,3,(,O,),C,C,C,4,C,2,C,C,C,1,=,C,C,(,=,O,),C,=,C,C,1,(,C,),C,2,C,(,O,),C,C,3,4,C, 
-0.7272979313688566
C,C,C,C,C,(,=,O,),O,C,3,(,C,(,C,),C,C,4,C,2,C,C,C,1,=,C,C,(,=,O,),C,=,C,C,1,(,C,),C,2,(,F,),C,(,O,),C,C,3,4,C,),C,(,=,O,),C,O
-0.8918094879289559
C,C,1,C,C,2,C,3,C,C,(,F,),C,4,=,C,C,(,=,O,),C,=,C,C,4,(,C,),C,3,(,F,),C,(,O,),C,C,2,(,C,),C,1,(,O,),C,(,=,O,),C,O
-1.3287328278518082
C,C,4,C,C,3,C,2,C,C,C,1,=,C,C,(,=,O,),C,=,C,C,1,(,C,),C,2,(,F,),C,(,O,),C,C,3,(,C,),C,4,(,O,),C,(,=,O,),C,O,C,(,C,),=,O, 
-0.9837424165948939
C,C,1,C,C,2,C,3,C,C,C,(,O,),(,C,(,=,O,),C,),C,3,(,C,),C,C,(,O,),C,2,(,F,),C,4,(,C,),C,=,C,C,(,=,O,),C,=,C,1,4
-0.5961725436400716
O,=,C,1,N,(,C,O,C,(,=,O,),C,C,C,C,C,),C,(,=,O,),C,(,N,1,),(,c,2,c,c,c,c,c,2,),c,3,c,c,c,c,c,3
-1.460825930619182
O,=,C,1,N,(,C,O,C,(,=,O,),C,C,C,C,C,C,C,),C,(,=,O,),C,(,N,1,),(,c,2,c,c,c,c,c,2,),c,3,c,c,c,c,c,3
-1.769043170409721
O,=,C,1,N,(,C,O,C,(,=,O,),C,C,C,C,C,C,),C,(,=,O,),C,(,N,1,),(,c,2,c,c,c,c,c,2,),c,3,c,c,c,c,c,3
-1.6616268011263622
O,=,C,1,N,C,(,=,O,),C,(,N,1,),(,c,2,c,c,c,c,c,2,),c,3,c,c,c,c,c,3
-0.5952048286014828
O,=,C,1,N,(,C,O,C,(,=,O,),C,C,C,C,),C,(,=,O,),C,(,N,1,),(,c,2,c,c,c,c,c,2,),c,3,c,c,c,c,c,3
-0.8763260473115347
O,=,C,1,N,(,C,O,C,(,=,O,),C,),C,(,=,O,),C,(,N,1,),(,c,2,c,c,c,c,c,2,),c,3,c,c,c,c,c,3
-0.7756836832982974
O,=,C,1,N,(,C,O,C,(,=,O,),C,C,),C,(,=,O,),C,(,N,1,),(,c,2,c,c,c,c,c,2,),c,3,c,c,c,c,c,3
-0.9871294192299547
O,=,C,1,N,(,C,O,C,(,=,O,),C,C,C,),C,(,=,O,),C,(,N,1,),(,c,2,c,c,c,c,c,2,),c,3,c,c,c,c,c,3
-1.0664820523942382
C,C,1,(,C,),C,(,C,=,C,(,C,l,),C,l,),C,1,C,(,=,O,),O,C,(,C,#,N,),c,2,c,c,c,(,F,),c,(,O,c,3,c,c,c,c,c,3,),c,2
-2.1629031911153707
C,C,1,(,C,),C,(,C,=,C,(,B,r,),B,r,),C,1,C,(,=,O,),O,C,(,C,#,N,),c,2,c,c,c,c,(,O,c,3,c,c,c,c,c,3,),c,2
-2.678211449163918
C,C,1,(,C,),C,(,C,=,C,(,C,l,),C,l,),C,1,C,(,=,O,),O,C,(,C,#,N,),c,2,c,c,c,c,(,O,c,3,c,c,c,c,c,3,),c,2
-2.4919263042355704
C,C,1,(,C,),C,(,C,=,C,(,C,l,),C,l,),C,1,C,(,=,O,),O,C,c,2,c,c,c,c,(,O,c,3,c,c,c,c,c,3,),c,2
-1.6567882259334181
C,C,1,(,C,),C,(,C,=,C,(,C,l,),C,(,F,),(,F,),F,),C,1,C,(,=,O,),O,C,(,C,#,N,),c,2,c,c,c,c,(,O,c,3,c,c,c,c,c,3,),c,2
-2.568859649803381
C,C,1,(,C,),C,(,C,(,=,O,),O,C,(,C,#,N,),c,2,c,c,c,c,(,O,c,3,c,c,c,c,c,3,),c,2,),C,1,(,C,),C
-1.528082125801105
C,C,(,C,),=,C,C,3,C,(,C,(,=,O,),O,C,c,2,c,c,c,c,(,O,c,1,c,c,c,c,c,1,),c,2,),C,3,(,C,),C, 
-1.1482539731549932
C,C,C,(,C,),n,1,c,(,=,O,),[,n,H,],c,(,C,),c,(,B,r,),c,1,=,O, 
0.16638690676791856
C,c,1,c,[,n,H,],c,(,=,O,),[,n,H,],c,1,=,O, 
0.6584700038903335
F,c,1,c,[,n,H,],c,(,=,O,),[,n,H,],c,1,=,O, 
0.8660448796676353
O,=,c,1,c,c,[,n,H,],c,(,=,O,),[,n,H,],1, 
0.6671794392376328
C,S,C,S,(,=,O,),C,C,(,C,O,),N,C,(,=,O,),C,=,C,c,1,c,(,C,),[,n,H,],c,(,=,O,),[,n,H,],c,1,=,O
0.42863768222548876
C,n,1,c,c,c,(,=,O,),[,n,H,],c,1,=,O
0.9966864098771261
C,c,1,[,n,H,],c,(,=,O,),n,(,c,(,=,O,),c,1,C,l,),C,(,C,),(,C,),C
0.1852573500204006
O,C,3,N,=,C,(,c,1,c,c,c,c,c,1,),c,2,c,c,(,C,l,),c,c,c,2,N,C,3,=,O, 
-0.5250454883037932
C,N,2,C,(,=,O,),C,N,=,C,(,c,1,c,c,c,c,c,1,),c,3,c,c,(,c,c,c,2,3,),N,(,=,O,),=,O
-0.44956371529386513
O,=,C,3,C,N,=,C,(,c,1,c,c,c,c,c,1,),c,2,c,c,(,c,c,c,2,N,3,),N,(,=,O,),=,O
-0.44956371529386513
C,l,c,1,c,c,c,c,c,1,C,2,=,N,C,C,(,=,O,),N,c,3,c,c,c,(,c,c,2,3,),N,(,=,O,),=,O
-0.30585803206342554
C,N,2,C,(,=,O,),C,N,=,C,(,c,1,c,c,c,c,c,1,),c,3,c,c,(,C,l,),c,c,c,2,3
-0.4292416994835
O,C,3,N,=,C,(,c,1,c,c,c,c,c,1,C,l,),c,2,c,c,(,C,l,),c,c,c,2,N,C,3,=,O
-0.3566630715893386
C,C,N,2,c,1,n,c,c,c,c,1,N,(,C,),C,(,=,O,),c,3,c,c,c,n,c,2,3, 
0.1194527273963608
C,C,N,2,c,1,n,c,c,c,c,1,N,(,C,C,),C,(,=,O,),c,3,c,c,c,n,c,2,3, 
0.00332692276570253
C,C,N,2,c,1,n,c,(,C,),c,c,(,C,(,F,),(,F,),F,),c,1,N,C,(,=,O,),c,3,c,c,c,n,c,2,3, 
-0.6484291557238676
C,C,N,2,c,1,n,c,(,N,(,C,),(,C,C,O,),),c,c,c,1,N,C,(,=,O,),c,3,c,c,c,n,c,2,3, 
-0.23860183688150244
C,C,N,2,c,1,n,c,(,C,l,),c,c,c,1,N,(,C,),C,(,=,O,),c,3,c,c,c,n,c,2,3, 
-0.6034304064294875
C,C,N,2,c,1,n,c,(,C,),c,c,(,C,),c,1,N,C,(,=,O,),c,3,c,c,c,n,c,2,3, 
-0.8163277149190277
N,c,3,c,c,c,2,c,c,1,c,c,c,c,c,1,c,c,2,c,3, 
-1.1143839468043844
C,c,1,c,2,c,c,c,c,c,2,c,(,C,),c,3,c,c,c,c,c,1,3
-1.7917844738165585
c,3,c,c,c,2,c,(,O,),c,1,c,c,c,c,c,1,c,c,2,c,3, 
-0.9014866383148443
C,c,1,c,c,c,2,c,c,3,c,c,c,c,c,3,c,c,2,c,1
-1.980488906341378
C,c,1,c,2,c,c,c,c,c,2,c,c,3,c,c,c,c,c,1,3
-1.4627613606963594
c,1,c,c,c,2,c,c,3,c,c,c,c,c,3,c,c,2,c,1
-1.685335819571788
C,l,c,2,c,c,c,(,O,c,1,c,c,c,(,c,c,1,),N,(,=,O,),=,O,),c,(,C,l,),c,2
-1.2547026273997632
C,C,O,C,(,=,O,),N,C,C,O,c,2,c,c,c,(,O,c,1,c,c,c,c,c,1,),c,c,2
-0.8869709127360119
C,O,c,2,c,c,c,(,O,c,1,c,c,c,(,N,C,(,=,O,),N,(,C,),C,),c,c,1,),c,c,2
-0.6256878523170305
O,c,1,c,c,(,C,l,),c,c,c,1,O,c,2,c,c,c,(,C,l,),c,c,2,C,l
-0.7708451081053533
C,N,(,C,),C,(,=,O,),N,c,2,c,c,c,(,O,c,1,c,c,c,(,C,l,),c,c,1,),c,c,2
-0.9789038414019495
O,(,c,1,c,c,c,c,c,1,),c,2,c,c,c,c,c,2
-0.5289163484581484
c,1,c,c,c,2,c,(,c,1,),c,c,c,3,c,4,c,c,c,c,c,4,c,c,c,2,3
-2.511280605007346
C,c,1,c,c,2,c,3,c,c,c,c,c,3,c,c,c,2,c,4,c,c,c,c,c,1,4
-1.7917844738165585
N,c,3,c,c,2,c,1,c,c,c,c,c,1,c,c,c,2,c,4,c,c,c,c,c,3,4, 
-1.6127571916776267
c,1,c,c,c,c,2,c,3,c,(,C,),c,c,4,c,c,c,c,c,4,c,3,c,c,c,1,2
-1.8014616242024464
C,c,1,c,(,C,),c,2,c,3,c,c,c,c,c,3,c,c,c,2,c,4,c,c,c,c,c,1,4
-2.0046817823060987
c,2,c,(,C,),c,c,1,n,c,(,C,),c,c,c,1,c,2, 
0.44847584051655964
O,c,2,c,c,c,1,n,c,c,c,c,1,c,2, 
0.34202718627178935
O,c,1,c,c,c,c,2,n,c,c,c,c,1,2, 
0.15816132893991364
O,c,1,c,c,c,c,2,c,c,c,n,c,1,2, 
0.21622423125524287
c,1,c,c,c,2,n,c,c,c,c,2,c,1
0.7581446528649819
C,C,O,P,(,=,S,),(,O,C,C,),O,c,1,c,c,(,C,),n,c,(,n,1,),C,(,C,),C
-0.3740819422839373
C,C,C,C,c,1,c,(,C,),n,c,(,n,c,1,O,),N,(,C,),C, 
0.30331858472823653
c,1,c,n,c,n,c,1
1.9194026991715658
C,N,(,C,),C,(,=,O,),O,c,1,n,c,(,n,c,(,C,),c,1,C,),N,(,C,),C
0.4436372653236155
C,C,C,C,c,1,c,(,C,),n,c,(,N,C,C,),n,c,1,O,S,(,=,O,),(,=,O,),N,(,C,),C, 
-0.6256878523170305
C,C,C,C,1,C,C,C,C,1
-0.9063252135077883
C,1,C,C,C,C,1
0.1097755770104726
C,C,C,C,C,C,1,C,C,C,C,1
-1.5546942893622975
C,C,1,C,C,C,C,1
-0.20957038572383782
C,C,O,P,(,=,S,),(,O,C,C,),S,C,(,C,C,l,),N,1,C,(,=,O,),c,2,c,c,c,c,c,2,C,1,=,O
-1.680497244378844
C,C,O,P,(,=,S,),(,O,C,C,),S,C,(,C,C,l,),N,2,C,(,=,O,),c,1,c,c,c,c,c,1,C,2,=,O
-1.680497244378844
O,=,C,1,N,C,(,=,O,),c,2,c,c,c,c,c,1,2, 
0.12429130258930501
C,C,O,P,(,=,S,),(,O,C,C,),N,2,C,(,=,O,),c,1,c,c,c,c,c,1,C,2,=,O
-0.23376326168855843
O,c,1,c,c,c,(,C,l,),c,c,1,C,(,=,O,),N,c,2,c,c,c,(,c,c,2,C,l,),N,(,=,O,),=,O
-0.8869709127360119
c,1,c,(,N,C,(,=,O,),c,2,c,c,c,c,c,2,(,I,),),c,c,c,c,1
-0.6498807282817509
C,c,1,c,c,c,c,(,C,),c,1,N,C,(,=,O,),c,2,c,c,(,c,(,C,l,),c,c,2,O,),S,(,N,),(,=,O,),=,O
-0.4466605701780988
c,1,c,c,c,c,c,1,N,C,(,=,O,),c,2,c,(,O,),c,c,c,c,2
-0.3498890663192167
C,C,N,2,c,1,c,c,(,C,l,),c,c,c,1,N,C,(,=,O,),c,3,c,c,c,n,c,2,3, 
-1.2063168754703224
C,C,N,2,c,1,c,c,(,O,C,),c,c,(,C,),c,1,N,C,(,=,O,),c,3,c,c,c,n,c,2,3, 
-1.1061583689763792
C,C,N,2,c,1,c,c,c,c,c,1,N,(,C,),C,(,=,O,),c,3,c,c,c,n,c,2,3, 
-0.22118296618690367
C,C,N,2,c,1,c,c,(,N,(,C,),C,),c,c,(,C,),c,1,N,C,(,=,O,),c,3,c,c,c,n,c,2,3, 
-0.9697105485353561
C,n,1,c,(,=,O,),n,(,C,),c,2,n,c,[,n,H,],c,2,c,1,=,O
0.7145974761284851
C,n,1,c,n,c,2,n,(,C,),c,(,=,O,),[,n,H,],c,(,=,O,),c,1,2, 
0.16638690676791856
C,n,2,c,(,=,O,),n,(,C,),c,1,n,c,n,(,C,C,(,O,),C,O,),c,1,c,2,=,O
1.3049036496676651
C,n,1,c,n,c,2,n,(,C,),c,(,=,O,),n,(,C,),c,(,=,O,),c,1,2
0.9633002410458118
O,C,1,C,=,C,C,2,C,1,C,3,(,C,l,),C,(,=,C,(,C,l,),C,2,(,C,l,),C,3,(,C,l,),C,l,),C,l, 
-1.2547026273997632
C,l,C,2,=,C,(,C,l,),C,3,(,C,l,),C,1,C,=,C,C,C,1,C,2,(,C,l,),C,3,(,C,l,),C,l, 
-1.341796980872757
C,l,C,1,C,=,C,C,2,C,1,C,3,(,C,l,),C,(,=,C,(,C,l,),C,2,(,C,l,),C,3,(,C,l,),C,l,),C,l
-1.6693685214350726
N,c,1,c,(,C,),c,[,n,H,],c,(,=,O,),n,1, 
0.6816951648164651
N,c,1,c,c,[,n,H,],c,(,=,O,),n,1, 
0.8283039931626713
N,c,1,n,c,(,=,O,),[,n,H,],c,c,1,F
0.9168499191935484
C,c,2,c,(,N,),c,(,=,O,),n,(,c,1,c,c,c,c,c,1,),n,2,C
1.085232335908003
C,c,1,c,c,(,=,O,),n,(,c,2,c,c,c,c,c,2,),n,1,C
1.7331175542432178
C,N,(,C,),c,2,c,(,C,),n,(,C,),n,(,c,1,c,c,c,c,c,1,),c,2,=,O, 
1.2110352909245496
O,N,=,C,c,1,c,c,c,(,o,1,),N,(,=,O,),=,O, 
0.32751146069295717
O,=,C,c,1,c,c,c,o,1
1.3387736760182738
c,1,c,c,o,c,1
0.9903962621262988
C,C,C,C,C,1,C,(,=,O,),N,(,N,(,C,1,=,O,),c,2,c,c,c,c,c,2,),c,3,c,c,c,c,c,3, 
-0.45633772056398697
C,C,(,=,O,),C,C,C,1,C,(,=,O,),N,(,N,(,C,1,=,O,),c,2,c,c,c,c,c,2,),c,3,c,c,c,c,c,3
-0.1950546601450056
C,C,C,C,C,1,C,(,=,O,),N,(,N,(,C,1,=,O,),c,2,c,c,c,(,O,),c,c,2,),c,3,c,c,c,c,c,3, 
-0.41762911902043415
C,1,C,C,O,C,1
1.6242496124019756
C,C,1,C,C,C,O,1
1.4403837550701
O,C,C,1,O,C,(,O,),(,C,O,),C,(,O,),C,1,O
1.6968282402961372
C,C,O,C,2,O,c,1,c,c,c,(,O,S,(,C,),(,=,O,),=,O,),c,c,1,C,2,(,C,),C
-0.267633288039167
C,N,C,(,=,O,),O,c,1,c,c,c,c,2,C,C,(,C,),(,C,),O,c,1,2
0.03235837392336715
C,C,O,C,(,=,O,),C,C,N,(,S,N,(,C,),C,(,=,O,),O,c,1,c,c,c,c,2,C,C,(,C,),(,C,),O,c,2,1,),C,(,C,),C
-0.8918094879289559
O,C,1,C,C,C,C,C,C,C,1
0.7629832280579261
C,1,C,C,C,C,C,C,C,1
-0.6208492771240866
C,N,(,C,),C,(,=,O,),N,C,1,C,C,C,C,C,C,C,1
0.31396345015271365
C,c,1,c,c,c,2,c,(,c,c,c,3,c,c,c,c,c,3,2,),c,1
-1.4385684847316391
c,1,c,c,c,2,c,(,c,1,),c,c,c,3,c,c,c,c,c,3,2
-1.1579311235408813
C,c,1,c,c,c,c,2,c,1,c,c,c,3,c,c,c,c,c,3,2
-1.443407059924583
C,(,C,c,1,c,c,c,c,c,1,),c,2,c,c,c,c,c,2
-0.8482623111924591
C,C,C,(,C,(,C,C,),c,1,c,c,c,(,O,),c,c,1,),c,2,c,c,c,(,O,),c,c,2
-0.7563293825265209
c,1,c,c,c,c,c,1,C,(,O,),C,(,O,),c,2,c,c,c,c,c,2
0.4533144157095037
C,C,1,=,C,C,(,=,O,),C,C,(,C,),(,C,),C,1, 
0.8742704574956403
C,C,(,=,C,),C,1,C,C,=,C,(,C,),C,(,=,O,),C,1
0.3904129382012304
C,N,(,C,),C,(,=,O,),O,C,1,=,C,C,(,=,O,),C,C,(,C,),(,C,),C,1, 
0.9758805365474663
C,C,1,=,C,C,C,(,C,C,1,),C,(,C,),=,C
-0.6740736042464713
C,1,C,C,C,=,C,C,1
0.13396845297519322
C,C,1,=,C,C,C,C,C,1
-0.1950546601450056
C,1,O,C,(,O,),C,(,O,),C,(,O,),C,1,O
1.5758638604725348
O,C,C,1,O,C,(,O,),C,(,O,),C,(,O,),C,1,O
1.745213992225578
C,1,C,C,O,C,C,1
1.3726437023688827
O,=,C,1,N,C,(,=,O,),N,C,(,=,O,),C,1,(,C,C,=,C,),c,1,c,c,c,c,c,1
0.24090096473925762
C,C,C,1,(,C,(,=,O,),N,C,(,=,O,),N,C,1,=,O,),c,2,c,c,c,c,c,2, 
0.263642268146095
O,=,C,1,N,C,(,=,O,),N,C,(,=,O,),C,1,(,C,C,),c,1,c,c,c,c,c,1
0.263642268146095
c,1,c,c,c,c,c,1,n,2,n,c,c,(,N,),c,(,B,r,),c,2,(,=,O,)
-0.12586303488590486
C,N,c,2,c,n,n,(,c,1,c,c,c,c,(,c,1,),C,(,F,),(,F,),F,),c,(,=,O,),c,2,C,l
-0.5705280951174678
N,c,2,c,n,n,(,c,1,c,c,c,c,c,1,),c,(,=,O,),c,2,C,l
-0.005382512581596964
C,C,1,2,C,C,C,3,C,(,C,C,c,4,c,c,(,O,),c,c,c,3,4,),C,2,C,C,C,1,O
-1.0466438941031673
C,C,3,4,C,C,C,1,C,(,C,C,c,2,c,c,(,O,),c,c,c,1,2,),C,3,C,C,C,4,(,O,),C,#,C, 
-0.6934279050182477
C,C,3,4,C,C,C,1,C,(,C,C,c,2,c,c,(,O,),c,c,c,1,2,),C,3,C,C,(,O,),C,4,O, 
-1.0103545801560863
c,2,c,c,c,1,s,c,n,c,1,c,2, 
0.6613731490061
C,C,O,c,2,c,c,c,1,n,c,(,s,c,1,c,2,),S,(,N,),(,=,O,),=,O, 
-0.45633772056398697
S,c,2,n,c,1,c,c,c,c,c,1,s,2, 
-0.15150748340850878
c,1,c,c,2,c,c,c,(,O,C,),c,(,C,C,=,C,(,C,),(,C,),),c,2,o,c,1,=,O, 
-0.7002019102883695
C,C,O,P,(,=,S,),(,O,C,C,),O,c,2,c,c,c,1,o,c,(,=,O,),c,(,C,l,),c,(,C,),c,1,c,2
-1.2169617408947997
O,2,c,1,c,c,c,c,c,1,N,(,C,C,),C,(,=,O,),c,3,c,c,c,c,c,2,3, 
-0.39343624305571373
O,2,c,1,c,c,c,(,N,),c,c,1,N,(,C,),C,(,=,O,),c,3,c,c,(,C,),c,c,c,2,3, 
-0.5134329078407273
C,1,C,c,2,c,3,c,1,c,c,c,c,3,c,c,4,c,2,c,c,c,5,c,c,c,c,c,5,4
-2.411122098513403
c,1,c,c,(,C,),c,c,2,c,1,c,3,c,c,4,c,c,c,c,5,C,C,c,(,c,4,5,),c,3,c,c,2
-2.444992124864012
C,c,1,n,c,c,(,N,(,=,O,),=,O,),n,1,C,C,O
0.7968532544085347
C,c,1,n,c,c,(,N,(,=,O,),=,O,),n,1,C,C,O, 
0.7774989536367584
N,S,(,=,O,),(,=,O,),c,2,c,c,1,c,(,N,C,N,S,1,(,=,O,),=,O,),c,c,2,C,l, 
0.11461415220341681
N,S,(,=,O,),(,=,O,),c,2,c,c,1,c,(,N,C,(,N,S,1,(,=,O,),=,O,),C,(,C,l,),C,l,),c,c,2,C,l, 
0.09042127623869618
C,C,2,=,C,C,(,=,O,),c,1,c,c,c,c,c,1,C,2,=,O, 
-0.07892885551434713
C,l,C,(,C,l,),C,C,(,=,O,),N,C,2,=,C,(,C,l,),C,(,=,O,),c,1,c,c,c,c,c,1,C,2,=,O
-1.0466438941031673
C,C,C,C,c,1,c,(,C,),n,c,(,N,C,C,),[,n,H,],c,1,=,O
-0.0779611404757584
S,c,1,n,c,c,c,(,=,O,),[,n,H,],1, 
0.28735128659152104
C,C,(,=,O,),C,C,(,c,1,c,c,c,c,c,1,),c,3,c,(,O,),c,2,c,c,c,c,c,2,o,c,3,=,O, 
-0.4964978946654229
C,C,(,=,O,),C,C,(,c,1,c,c,c,(,C,l,),c,c,1,),c,2,c,(,O,),c,3,c,c,c,c,c,3,o,c,2,=,O
-1.4380846272123449
C,C,1,O,C,(,C,C,(,O,),C,1,O,),O,C,2,C,(,O,),C,C,(,O,C,2,C,),O,C,8,C,(,O,),C,C,(,O,C,7,C,C,C,3,(,C,),C,(,C,C,C,4,C,3,C,C,(,O,),C,5,(,C,),C,(,C,C,C,4,5,O,),C,6,=,C,C,(,=,O,),O,C,6,),C,7,),O,C,8,C, 
-0.5874631082927723
C,C,1,O,C,(,C,C,(,O,),C,1,O,),O,C,2,C,(,O,),C,C,(,O,C,2,C,),O,C,8,C,(,O,),C,C,(,O,C,7,C,C,C,3,(,C,),C,(,C,C,C,4,C,3,C,C,C,5,(,C,),C,(,C,C,C,4,5,O,),C,6,=,C,C,(,=,O,),O,C,6,),C,7,),O,C,8,C, 
-1.1738984216775965
C,c,1,c,[,n,H,],c,2,c,c,c,c,c,1,2, 
0.21622423125524287
c,2,c,c,c,1,[,n,H,],c,c,c,1,c,2
0.6516959986202118
C,C,O,P,(,=,S,),(,O,C,C,),S,C,n,1,c,(,=,O,),o,c,2,c,c,(,C,l,),c,c,c,1,2
-1.1448669705199321
C,l,c,2,c,c,c,1,o,c,(,=,O,),[,n,H,],c,1,c,2
0.01735879082524016
N,C,(,=,O,),N,C,1,N,C,(,=,O,),N,C,1,=,O, 
0.612987397076659
O,=,C,1,C,N,C,(,=,O,),N,1, 
1.1936164202299508
C,C,1,2,C,C,(,=,O,),C,3,C,(,C,C,C,4,=,C,C,(,=,O,),C,C,C,3,4,C,),C,2,C,C,C,1,(,O,),C,(,=,O,),C,O
-0.11763745705789995
C,C,(,=,O,),O,C,C,(,=,O,),C,3,(,O,),C,C,C,4,C,2,C,C,C,1,=,C,C,(,=,O,),C,C,C,1,(,C,),C,2,C,(,=,O,),C,C,3,4,C, 
-0.6498807282817509
c,3,c,c,c,2,n,c,1,c,c,c,c,c,1,c,c,2,c,3
-0.38859766786276956
N,c,2,c,c,c,c,3,n,c,1,c,c,c,c,c,1,c,c,2,3, 
-0.6547193034746949
C,1,C,C,C,C,C,C,1
-0.31118046477566386
O,C,1,C,C,C,C,C,C,1
0.9613648109686341
